-- MySQL dump 10.16  Distrib 10.1.28-MariaDB, for Linux (x86_64)
--
-- Host: localhost    Database: db_simperang
-- ------------------------------------------------------
-- Server version	10.1.28-MariaDB

/*!40101 SET @OLD_CHARACTER_SET_CLIENT=@@CHARACTER_SET_CLIENT */;
/*!40101 SET @OLD_CHARACTER_SET_RESULTS=@@CHARACTER_SET_RESULTS */;
/*!40101 SET @OLD_COLLATION_CONNECTION=@@COLLATION_CONNECTION */;
/*!40101 SET NAMES utf8 */;
/*!40103 SET @OLD_TIME_ZONE=@@TIME_ZONE */;
/*!40103 SET TIME_ZONE='+00:00' */;
/*!40014 SET @OLD_UNIQUE_CHECKS=@@UNIQUE_CHECKS, UNIQUE_CHECKS=0 */;
/*!40014 SET @OLD_FOREIGN_KEY_CHECKS=@@FOREIGN_KEY_CHECKS, FOREIGN_KEY_CHECKS=0 */;
/*!40101 SET @OLD_SQL_MODE=@@SQL_MODE, SQL_MODE='NO_AUTO_VALUE_ON_ZERO' */;
/*!40111 SET @OLD_SQL_NOTES=@@SQL_NOTES, SQL_NOTES=0 */;

--
-- Table structure for table `barang`
--

DROP TABLE IF EXISTS `barang`;
/*!40101 SET @saved_cs_client     = @@character_set_client */;
/*!40101 SET character_set_client = utf8 */;
CREATE TABLE `barang` (
  `id` int(11) NOT NULL AUTO_INCREMENT,
  `nama` varchar(1000) COLLATE utf8mb4_unicode_ci NOT NULL,
  `satuan` varchar(100) COLLATE utf8mb4_unicode_ci NOT NULL,
  `stok` int(11) NOT NULL,
  `ket` varchar(1000) COLLATE utf8mb4_unicode_ci NOT NULL DEFAULT '-',
  `jenis` varchar(100) COLLATE utf8mb4_unicode_ci DEFAULT NULL,
  `max` int(11) NOT NULL DEFAULT '0',
  `min` int(11) NOT NULL DEFAULT '0',
  `harga` double NOT NULL DEFAULT '0',
  `img` longblob,
  PRIMARY KEY (`id`)
) ENGINE=MyISAM AUTO_INCREMENT=19 DEFAULT CHARSET=utf8mb4 COLLATE=utf8mb4_unicode_ci;
/*!40101 SET character_set_client = @saved_cs_client */;

--
-- Dumping data for table `barang`
--

LOCK TABLES `barang` WRITE;
/*!40000 ALTER TABLE `barang` DISABLE KEYS */;
INSERT INTO `barang` VALUES (1,'Ballpoint hitam tinta basah','PAK',54,'Khusus tanda tangan/ paraf',NULL,0,0,15000,'\0JFIF\0\0H\0H\0\0ICC_PROFILE\0\0\0\0\0\0\0\0\0\0mntrRGB XYZ \0\0\0\0$\0acsp\0\0\0\0\0\0\0\0\0\0\0\0\0\0\0\0\0\0\0\0\0\0\0\0\0\0\0\0\0\0\0\0\0\0-\0\0\0\0)=ޯUxBʃ9\r\0\0\0\0\0\0\0\0\0\0\0\0\0\0\0\0\0\0\0\0\0\0\0\0\0\0\0\0\0\0\0desc\0\0D\0\0\0ybXYZ\0\0\0\0\0bTRC\0\0\0\0dmdd\0\0	\0\0\0gXYZ\0\0\nh\0\0\0gTRC\0\0\0\0lumi\0\0\n|\0\0\0meas\0\0\n\0\0\0$bkpt\0\0\n\0\0\0rXYZ\0\0\n\0\0\0rTRC\0\0\0\0tech\0\0\n\0\0\0vued\0\0\n\0\0\0wtpt\0\0p\0\0\0cprt\0\0\0\0\07chad\0\0\0\0\0,desc\0\0\0\0\0\0\0sRGB IEC61966-2-1 black scaled\0\0\0\0\0\0\0\0\0\0\0\0\0\0\0\0\0\0\0\0\0\0\0\0\0\0\0\0\0\0\0\0\0\0\0\0\0\0\0\0\0\0\0\0\0\0\0\0\0\0\0\0\0\0\0\0\0\0\0\0\0\0\0\0\0\0\0\0\0\0\0\0\0\0\0\0\0\0\0\0\0\0XYZ \0\0\0\0\0\0$\0\0\0\0curv\0\0\0\0\0\0\0\0\0\0\0\n\0\0\0\0\0#\0(\0-\02\07\0;\0@\0E\0J\0O\0T\0Y\0^\0c\0h\0m\0r\0w\0|\0\0\0\0\0\0\0\0\0\0\0\0\0\0\0\0\0\0\0\0\0\0\0\0\0\r%+28>ELRY`gnu|&/8AKT]gqz\0!-8COZfr~ -;HUcq~\r+:IXgw\'7HYj{+=Oat2FZn		%	:	O	d	y						\n\n\'\n=\nT\nj\n\n\n\n\n\n\"9Qi*C\\u\r\r\r&\r@\rZ\rt\r\r\r\r\r.Id	%A^z	&Ca~1Om&Ed#Cc\'Ij4Vx&IlAe@e Ek\Z\Z*\ZQ\Zw\Z\Z\Z;c*R{Gp@j>i  A l   !!H!u!!!\"\'\"U\"\"\"#\n#8#f###$$M$|$$%	%8%h%%%&\'&W&&&\'\'I\'z\'\'(\r(?(q(())8)k))**5*h**++6+i++,,9,n,,--A-v--..L.../$/Z///050l0011J1112*2c223\r3F3334+4e4455M555676r667$7`7788P8899B999:6:t::;-;k;;<\'<e<<=\"=a==> >`>>?!?a??@#@d@@A)AjAAB0BrBBC:C}CDDGDDEEUEEF\"FgFFG5G{GHHKHHIIcIIJ7J}JKKSKKL*LrLMMJMMN%NnNO\0OIOOP\'PqPQQPQQR1R|RSS_SSTBTTU(UuUVV\\VVWDWWX/X}XY\ZYiYZZVZZ[E[[\\5\\\\]\']x]^\Z^l^__a_``W``aOaabIbbcCccd@dde=eef=ffg=ggh?hhiCiijHjjkOkklWlmm`mnnknooxop+ppq:qqrKrss]sttptu(uuv>vvwVwxxnxy*yyzFz{{c{|!||}A}~~b~#G\nk͂0WGrׇ;iΉ3dʋ0cʍ1fΏ6n֑?zM _ɖ4\nuL$h՛BdҞ@iءG&vVǥ8\ZnRĩ7u\\ЭD-\0u`ֲK³8%yhYѹJº;.!\nzpg_XQKFAǿ=ȼ:ɹ8ʷ6˶5̵5͵6ζ7ϸ9к<Ѿ?DINU\\dlvۀ܊ݖޢ)߯6DScs\r2F[p(@Xr4Pm8Ww)Kmdesc\0\0\0\0\0\0\0.IEC 61966-2-1 Default RGB Colour Space - sRGB\0\0\0\0\0\0\0\0\0\0\0\0\0\0\0\0\0\0\0\0\0\0\0\0\0\0\0\0\0\0\0\0\0\0\0\0\0\0\0\0\0\0\0\0\0\0\0\0\0\0\0\0\0\0\0\0\0\0\0\0\0\0\0\0\0\0\0\0\0\0\0\0\0\0\0\0\0\0\0XYZ \0\0\0\0\0\0b\0\0\0\0XYZ \0\0\0\0\0\0\0\0\0P\0\0\0\0\0\0meas\0\0\0\0\0\0\0\0\0\0\0\0\0\0\0\0\0\0\0\0\0\0\0\0\0\0\0\0\0\0XYZ \0\0\0\0\0\0\0\03\0\0XYZ \0\0\0\0\0\0o\0\08\0\0sig \0\0\0\0CRT desc\0\0\0\0\0\0\0-Reference Viewing Condition in IEC 61966-2-1\0\0\0\0\0\0\0\0\0\0\0\0\0\0\0\0\0\0\0\0\0\0\0\0\0\0\0\0\0\0\0\0\0\0\0\0\0\0\0\0\0\0\0\0\0\0\0\0\0\0\0\0\0\0\0\0\0\0\0\0\0\0\0\0\0\0\0\0\0\0\0\0\0\0\0\0\0\0\0\0XYZ \0\0\0\0\0\0\0\0\0\0\0-text\0\0\0\0Copyright International Color Consortium, 2009\0\0sf32\0\0\0\0\0D\0\0&\0\0\0\0\0\0\0\0u\0C\0	\Z!\Z\"$\"$\0C\0\"\0\0\0\0\0\0\0\0\0\0\0\0\0\0\0B\0\0!1A\"Qaq2#B3Rb$rCSc%Dt\0\0\0\0\0\0\0\0\0\0\0\0\02\0\0\0\0!1AQ\"aq2B#Rb\0\0\0?\0~ʣzZa;o$B,*&iAcޓs@Bn\'`7!A&ڛfNAU3BvYE%wdd\nZfUfby \\A:\0$dO6*#Dg3l<	\"	\'@R\0ȭ틬@%D\0 3Mdm{ޔ&& bV R?kלzT=JN3S{-J}Kr]P)f.VUFB=z\\]$^<YV$&\03jRkZerT(a=ȼ}DdCcp8ݰ-Z\") 4DA\r BH4bAа\nI*h\n;BG8p@4ŀcPT.\\m\r⚮vr}\'Ttmn#Rf#l3Tj_vs. 	;U	{￀0	T6OPO\n:en0xUSğcK}Mv&՘䋒^ka\"Y:/9Sdd!j2WrEP2Z]3IMֺC&J$\Z+Wn[h$AjX{w/A\0;7~i$y$Տz\\hi\Z:zD$R	6(b89=#ޙmUK$#MO(`mD{uoF$I|ôr&b\"Rt\r\0}f5vh)ޑtezS?ZUT\0m͙~TX̷t&VgEh0kIG9GƔ^5)O40v[mGb~\n2p`QV&H	`5/hENLL@Ջam\\f1U<Ӭ\\[ K&9IW-m)(Zٌ|P@\"U)aVkdcWYaQt)\Z`,I=ɀ(\rW@8?ҵkD~T0H@v@<T#F>[8`(5 A$`Ro \nSJڄچ-\Zj\n7B*\'(*fcrip1niP\'\0 HJ!F%q_P B͂7z_9Yzsڃhcjc#SH{@nd<ЉTW<P2\0Z;N\rJdtg@qDo2մH\0jD\Z)nFI~(ɃC9lTߨ`|hmb[R&	&?]k:I$O6\0$v-M	cMvxM:pLwOe$S{N4E\\j,۸IDi[*c9E\rn`OqG嶜S\Zkmk8FӞjnQ4PZb*ɫRb&w<_&4Rz-N*Y\Z&jnҤ9\"@ڐ\0ع8]}6On[\0z1?Ltg.NYZ\' ܺ\0朳.ҽC	Aʫ/ɀDRؐVH)lv \"H=/Eqn\" ␎歛ϰ	\n(u&P	\r(_M\\L6irI{)AJ\'s\005FmndZ=)n1+~+;3\Z6dp~A憕7H2H?ֳ)t`mvʻrxY۸-PQ-\nVj*{%Nb-R[mҠ⤖^\'#56dSBfyL\"a 03VE]dL,q@Ͳ=(NEE\"\"nCCqI \Z\0\n3E\0iw=;4-tt,@	LN(~杉cw5ܺY!;MB_\'U8G¶=@gy5V+c_\ZWQsO:uF2Iv;d\ZZv0;w@v\'hZ JbX\Z{QRJH^N\ZȎ9]4_CE+WpY[v{\n]Ed~i^\\.-%U;s4:ۈVh*\r>-?ț[F,iuj\0,ڴn9\\+&_P1\ZD^.KfIʑ~-\"A:Uƹck A$j1[/\"\\Kd\0p&9X	?Z [hz͜$w4ԩ RT.4wޡT+ۜJqM\nɈ&Rh;65;4QiIiC\0w\'CT\ZNˏy*w`#&fk6W@ya`8(x4ð\n\Z\n2f?AocɩcZ!`s5+Ҧ3RgjO`tH?1\\ ht81jDEERL(4@dPJq,?	92Oc1YFE\n)`H7,*1)Sb~Mxtlkr1lS@YmYh$\nC\0IjE$]@޹VqCm A榇+q޺ԗTejQUǓMM	i6A[K3b<V`B3>6pEW)B֫&-R/gmO6FUMlz( HQT**K!ر$~lW~+@f|mA5{:\"XA`wL{LͱǽLQtFn`zyP )fK8&x۶#`).m~uKR|U Iq8.\\5	⪭{YYT&hIUm4\"U|Ri!n˯8Xگ[(C_ؠ~T\0$+=E`ƥT~Kla\\`Xݞj@M03ګ<Oi$\rXZG0 k4l1\\nj۷WTu{\Z\Z5ސIYX-)g3HHm]F).;,jG) bp+17~f\0Ě\0Frh~h6& ,HMQLkN3N\Z |&׮K\n\0\nhlw7.m=ZS4%/):̞Y0\0UuWL֭*R}7\0\0\Z;l{tt;=59,@|kC@޵f޺nLWru3E?˲_yam@}]\rwnrjSAq\"TjN\\lFXEDgGkhϻ=]CWn`iNޜS_]%O$oFޙw`[$ +ҫdH$#3ih4E`f3F\nMz%v;jȒ@0>ԋze_\"YlD5銇b`9ӣj<5;B	3`5;$OWlOoq\0,4⤦;paTgT2A\'++jyA4%~?K*\nؚ>fqcI<jɲf9F,91{W+`K K@8+8kEl\0A5~G$U)0z]o\\D❂D#3 }*M	P1MRR!&Lzs4t175˖P$I5CLdvt	1LkEd:\r`[Z=>SeزN\0Q\Z%xFulյB,m\"L`{mFs4H]7aiZWY\rGͲ$qItd\0=R-u\\EHR.*z2dSth-=\0ϽU7L`ӿB;0o,p*p5kq8IiU\'DJ脀L1{i`}cڹ6<Ҭ\"޽X>rލF.Nh),3 	>LEP2\03D?4əC&eRrhYB\nc1RfB6O3JOEH;Ԫ\0q+\"a?j\no5uYz֬вD}>Jhd܏s!\0zfb5/t?֏Dޅ]J\0zvʛ~c{Rt=UrsL.J *5g+\rnI\ZsUAJMn\\D>k+W>	\0g\0황nHa\0.DpS<E(FS(k\\T21^\\ā1J\Z2b25WgN1Q摌fQެUȪ$QpI&xaW5at.!%TR\'j&ٶ|{mLA<(NW8☆+\rF7B\'P9!~gfXyE}61 ϵ4`e`\\$d\Z[fV*ݨɌ5M)|ށR2\0Dy׍j\0zt1Y	mHлKCu_P;936m(Z؅s*`S/LQ\rl00Q-k	:p\0Vi	%~eA\0ж&k]jF\0eoA?5	n;F-Iie 3R4@Ԧ+Db3mwN@1I{.$1Z>zL47XO3U/IANdN+K]0I<WMnh^\0\ZO*dgnk3\'һ*hK-\0UURj$!\"?Z\\J; X˲Ӱ@RDy`@qI\r(Qb32\"3Npb\'\nOzW\"fLTG+>{TqD\"*1KGs\0\" S sP@۶;VWke%(5:m=ۤҥ3To=mZronҎ&`ܑ^vtэ.mh2\0{Ջ/n֙U\0CSN[=7EfQinyhD0+_hbDQ{\\%tiT ;9Xfnt];jҧK6sq0Gh;{.2\0<a.u~[k\Z[+-{lߨNkSi\"	&GC![2s4i/_i5!kO[GmSF\'qlNmfOF\no8@}&ٴGUn+p\rnXv24	${sөf^ \0;E}X[1-7>jNT(?e~W/0>J}7dPLwH^lgpR0Gj\0\neBKKB*L\rmmU+,ޑ´\0OmC_cJwf\0TLsWtk&Amٞ\'(U7<8+6-)YZB.kRB\\2E[[UG?Z~ipA*lxXS+)zI|J\0O\Zmmܔ$CK\\z (\n{Yk7_8	\0RT2Y$?g[hrҴ\'(³)	Ts(l5|b){@QjZ6ODTsBoR%nȡ\n7{}+1&NOjBH%ԬA;XvLRTȊ]\"yT\nz-=$K=FMs20A#4{DI90d>\\4jz\0dɩ28 )Mi-\"$d\ncAQ=Q-,4VTr$Eb(*lQ*g)_ښ?T\0\"Gj|*6<\Zeu\\F\'r&_0Fq \0lRc(i\0gѹ;8&@kR[ިݿrƚ2I5^H$&ba;3\'L$E@Y&1ܑz;z\0U(9t++n8_u;ʌޞBP;`AlzJxKJGKiy-fmX֞tGv9jG4Ѭ&#Uu\ZZDT3\':f./͐ hs,c3\'\0>QZxA?Q45?Rn40LI;ڟ7Zv8 恠F+=MCNĕdMwҌ0OzKЩ0$\ZRӏcP;Vv@?ZQ\0+KCV@N3]=bb1M$4@IĚA8c1M!7@?3L#@]?kr2%ƾıURJc~)t=.oJӸ\ZNy3}Xu\ZizgE{w!l1>0BW}>k[Mn5E|1~xa9-\'NԫO;AΝuz%4ɗc0@0EU<\rV46Fp7UsjIW+|3-ux&\"7̃[7ޭ<3|.ϐ\'+7{{fY=g~s{~sZji5\rk^~O]?M:E콳}Tdb\0CI$	\0T|AҬx[cM]OѤP.\\q(❰>muj5Gmz]dOe{bLiڻJ/kʩ,\'you\rPKh\06dk[I5\'EԺKOu$@P,(&#JzTSݳ.Awlg<VOhxkCͽ3!<WtAuNn\0%0G\0FgV;ƇInmŧ\"\n`ߊ	gNSPKּ7:hEs^\0C#9+xRSjumvrg\\cZgd~)&;Sudc1[s5e\0(4uh&G6m#ګJބ<@\0QwiREڤ-<SV#<6E[ꍴmhP }{B	{SPRw\Z]nK\0DwXZ}IhײP6Tdd93juk~p!O֛T1&MEKJYHـY}ꥋF݃Q8Zѥ6I9&EavcMm-.`z\"`\0Qw[c]8a|K6\r͚%YH\n=ImyaM~ɠEb+?P634QY&jPYfWj*@ikTsگ-(Do75Uc>; F)K0\ZB\0 CWi6;&E@c\"u۵6Pb6WhUsVkVh5B)KcNT>7\r$חsRn!8LMJma1C\r3<d@rh&E:\0⌰2cX0H5GT9\0!M4\'4>f޹Rw\ZjHb1V4PY7(	&&-*zz,R\0`Q@QI2cޝ\r\rq\\4б޹1HKt\'<QPɦ=T8⩺aGaYk8jjbSmޤ?^IPR~jrd󚷧n9#Mt)Ma;)(MGB\0ֺPZ1rmD}`M#vjU~j\"ʤ&p\043ڤ36\"c\"HQ&<w\"зA\0I 5\\\\#z2Am{\rC49Hq;W,;<R;*t~kp_sP`T簡%a`\0\\\0F#b\"D	폭DSmQ\naR\' *A3B\Z-[ǅd|0lg۟jƵf\'{1bI&j=GY[r\'\0]x*7g\0\r[}7PkVZK;4-z-wi,)7<qi!p튳u	%Z֮ݻ~Y|цB/jW/\rE1\"Gq~dodczKnś:/q \'vnl3kH\n	E;ڛ|SJtk]{yua`T?;i/hy\r[-UqT<Z2\0ONIʳ\'i<?gOtkA<:|/<\00ۓgOǮh:eu:f<U`ue\0G ڟ$\0`&r+oH/CkxtXݣ`Fw9pTw$G9?Gn}44\"PǾ~u]stmOH]Z=鸡BgiT_=[ k*ҨUO<VmĽsN.I>7<;6,FjV$HKLBjޣ!f8QC/ǒK@ˑM=\n3&v P Z&Y,LM+gSѿfOnhb^wn)-$VA}#4PyT0 eL}QpN(L=6kk,\Z4v<45KHҬj@RH14J5#[M\rgjìMk.cD8+%K*YVGU(d_lc\\y$ڱ;6s\0%l	g9 ME?W9j:ǵkFWey]JWjf@\Zkjf\"h5\\<ԍh̝;x@0r$2U@#n\nӂy 3M\r\ZH \0J%nTYP-\"[h0\0QuHKMfw4S\'*m*14XLP]RH;M=X+]3\\c1Fb8ۇL\rl%\'hhr@\0p(Xژ\0DDTaC$Y&O,d qC\0bZ?Ha)-&PM&(3U2jؑUQ	?qD3wQ5cN8ں}QMۉℱ=A`Pn0p#\ZAQ)#bm9nڨh5)8&M.ۻPjn^gh<\0eWFj,,\"bjqUvҍNH?5o\"B_/i3Uu|)\ZmA[{5O<Spwfb\0=ȞZޯ\"xkHkMbf*Z- {9*zfjd(HIRV&!(t&v`+OҠ@p& \Zkw7ڤ&\'i4\\IR?l(1ȡc\n\"rV?MމS<I3iz\'	\0[q?\0[!x\rmt8x{Z[VZN?\0ziuP5.~GV*ՋZ=Mqxf6^#MδW=_]?Wևmz@Y:]{KZPw>VGҙ~Iꍺ1\"ngI!<·>{oAQEtu/=ҥNA׿3rޑ{Qĺ+Z]7Ra<ң`dwYR׭ЃMR&21M(fu\n\\P}7KֿVi5E3l6S`nL؟6Ik=nKt9=.;4L-Uˢ ۱- e[qj}觫un a@7$b1EU&fR%2=Y7ntKq5|Y97\"|-ݙs\'tj!,!Ghzƚ\\~O$MKs$\na|ڤ[l?4m<V@CP/p>k3Fyybk۴m	`IτtvxXaw.z_-wI~jaz^u\ZvuuRkch54P.渞\\WgKIm\'1%q\0+JJo\\H3^M>݊nQ1sq]m]-kM*kp%G|b\\|+Al-BxKF506Ljfm)ٿPjiP96:<v^3Asu\r157\'h;\r6XLf,rv+O/Z#_nĄe0*@.ᘙ:nRDzrugZM@FElRR%QїxcNuSpN)4 @cy2#=A+ Ԓb<ԀDc5\nj\0J]ܹJ\0s9$0LP9FutJv\reV	0O7n$^X#oz~>E\"+HaH(\n4S3P@&#c\ZJ-9IiRq)s]2N;OtifR!Bdek!O$\0W(;*1\'5}@*T4\"\0j<@tIkN	!{T1ӱXW\"N`{61ymf,3@(ކAG+1i\"rM [b#jTLgzP	\'IM4_0~ꔮD-=$i-.x*cޭ`r_\0\0 )v|q\\[i>Ȫ䐸DTRV6#>KWd`ЫR\Z$+Ep\ZfDD\0J\";\rts49+11{w{oV#7T/+L75ÕѴVO7TrֿUM%n{3H}Ctm~={]hZ#z!a{fuqgVYl]խkv#y:~O:ESjWҪ۰\'ڵ5\niz҆m1WUwN͎+^^Ȥd:<)93z>o%]e\ZoTh1cg1tS-.\0u\\n=C-jBϤ74m7S٢֦	[Щ\'Oֲ)R$by:q9h=7H1,z=?ZKlx*fv7-;7\"v>ȑ dTHP@ڭ\'3y.#4=\"PY>b`M3S|)[Bԉ([inΚ?L`MQ<}+om!1\rEl29YSISLeV$F\0Z!f֍Wr8޶T}]-7sqWL^ϦXK_D붭[D70bG>*{v\'ƨt;\"fPFf#ⶼ+6n.I&&{]:ŭC%p+e@<YZIcG~bnf\Z>[\0dm\\]amth$\\VVt9Tl+\Z\'խ\rZ&H5aOھVz}ĴIo+Y9B>{rRqVP]\nXI5+b+ychBz iG Gzcqhl+*ٸ&9Yf@t	.W3MqoW1ޙoPqCzk!z]DaIThxkCխp`7n^մ֏ʛw0Q?zϙ=YxX%ue޹l\r˴H#޼?xY^Fק[QbLpI1^ĊḼ72~?a+8WmEӃ%❨ޱ)yZ \0JS)\'Zm3\ZC)P$湊On*na  N9Eޚ\0<Ы{Pl\0npyIN~+y\0T?4Ja\0ⰽzbf*=AS>)qϽs0 f5dH\0P++^MnEuL\0dMܷ4Wn\0k:qUns z6xf f2`&ozڦL`\Z9WI\0IRG$ރ\ZhavԀ~kRD(6Q\'@\"qPr(\rRp&(y\'	$F981R=9&hG+4p934tT޺czih[pMgDhU.6]Ѵ#\'*ˌw	vx49ڡ^jȟ2O%EHITG6`ĩ/#ڛ*vIQ.je޽eK+*Ջ ZC]8 \02\"w%O;i0 WDdZ A#pO[dT60*\0-l6\rzM&_ZqeZYyW[}9:ՐmTJ3\nf8\'i\n;M\\uMWJ5=-\0^Ov$W(n֥j}tWu~Sa_aISV^#\ZӅ-#\"j-~wL2aN?IǵyӸ\Z\0iEq+oQg_/`~4cR3;Se6tR`D׫>ޛW`pfUn-2a6Z7j-mi36I]nmrM0GyIr\r*މἥ$H(.`#\".* A Rbէ	E*\0+Lq՛%*iY\\\rA1mQGb\05{SwP53[cmOgtlubIkk_E@ĊO)R v[*Kz[ݰKJr\0Hx(P]\ri&I \Z@\0Yyef;\'޷I#&N\r-Enywt%EBLEy-)RO]?ӵjI#W/ixM;^zt(?aY]nQ7Υ\0:|q^SoA x%7QgfLĮJj]:19\'XC)ekjt\Z}M\nVGwG*r]чy}XOw >ȡCWn%;TzɦIf HV*m D@LhR;DFRWDʌ渲HBĚ\rp*mBO֚0z\ZEu\n4{\'#⾑U9\"YvH\0:6Jz;jrb|Hvh<\r$?\'`X]et[v+_xףWǲ͹F}!]k8ԥ~?/uW[sX֒s\n¨U[ضUa%kI-#rrv+ݑ=mdW>O\rQ4H&1K$D\"dt EbyA9MR`@P\nX(TJd⥧tT&T1!(.hPǃ(Z@3LDA`Gq=3@Gzt@>c4	)#`gބH53{&8$\n?D\'rf@BI\'q@\rI$知Dba1R#@Wj= Ey;[hyDsG9Tv @#\r81CM\0@S+itZ[\ZKm0q23HM8\'&18<W\rHhPDj #\'q]>hc$55¸S\0A$\ZFyڪ25cZ*ȾvsHLQZr@N3iZjo檛VhcR\ZI\n\":01T.wfV[KbYkvXʼxk\"~H@jA6}KI:Aܕ\0ү>ѝ+,_i\0WP]+Ib\rrAP\"\\Ӷj+85MX\0ݜp\rB(\0jx̖mV#J])uD$HpRMio\0N Tt!K7I1=KOm`8kVf cH8-ލ\rm0%ɫV@[ښH\0Mmm넪{wlӌRuZT&B{V\"+OCzZfGS A{jڸK#T[[G#\\Wo㕁~+Ddtp]Ï-vֱ80sb9#7cQh=HCw-[ocNۊ#8➎W][gQ>IN\rWh-^ y}-*%\rC> fc\Z ĬIQLlo$T-\'BB$ԮI0~j\'>\nٮR%c\rJUŻ׽\'}ޫ~oW[~eĨi4Kl3]*\Z4?\0Wfy|:i6O>;?z0׊\\W.n`(V4*Զ/$}cA&km4KNHz{f\Z}Z?TĢdkuc_\0wz߲FJcງu\'XoK-\r}uEPW{cЩɞz?^w>v-\r\\?i;yXȣgERZA5|Cx]fܧ x~Po,kڌԒ^Ǟ9GwxDBv ̓*3b3 (DpjHږ o}\0\nNcͲqrIqCudB\n?P!)І;Q 4mUN}-~ɤ6NjRTDaF\ZiA9⡄HT0\"k|RڊpN~jN?4Q\0by*`j@$-qT.	\'\"$\n21nإ109q\'+v,`ɚ&j*)X[D\'i56`D$#1SEqA$6q@\'@=Otּ𞛫@ŢA0&=u\\#Sx7=C6j.:p{|ųeJ z+W[c	ZdU2\03%P?WDc;T[EAF?`tdTqCs\'WvF@\0Pe*2s@OIE$ԚTz\0qjC\n\"\r\0j\'@PL)8rE\"\"g\Z\"@\ZbBn{T LS,i	Ͻ.w~Lt`S\0{gf (AdQu8Ju0HVC\"&vw\\L!dAX61S{sqWW-yݾk=Njl3+n\'ԚG>њFMWZ*I6~:M2Z!d(&\rfW\nIYl\Zh)E>g=mt^gA7Da8%3 mYemij+*;/my(7*ſm\'?^&,AbIafHE`)&O9m1_e ``yD֭-\'&lw\"[]M\0ڻ*v~bB&gdnYe湆&j:mE2qXp6?C:m*3q+^gKeVJz\0+صE15y${JƸ\Z&0\0ד2)֪pۍ\0:Jam^DuȻ-N~W^7semq_6<ƽl6X5Stլj-Lu{V싟1&)M{G\\d=C%ծiLf+zOkKmPnSf+VQtu쳪w۫\0}S$0[^\0eX[>Cɠ;=ڗrG9&i&09]*kwEr߉/t\rC\0~E/\0C./^ϓ[-.0\Zxas9{K梩}\n_thW_T0n⠟@dR$jB$OHbrwhzjg``b(jbIaG4	c-r\"*A}؀&Bai$0H`M	F7c<SBqH}a\\#4qq09AfO`EuUv4.Fiv@`qԺ\"\"w!Nݦ@=\0Giɚɀh<#j!,rk\r)+\0ퟏzw/8s\nɪVƓV/5F1=Vճb欭`,ִuclԉ#t6]E%nIenvq?\"Óǩ:[nK*ݶ}[twWGQen뷺A]zj,ŶkG%LԀ	PP&HT∅`@5Mq8 fr(8}gsPfqBIq\\\r\r\0ԘP)k1bj;HFRE(\nA\'3Ol`5-Qȑ\"S` ۊL\'RB)lv}@:\rJ)$А\rv+1Bp1+K#2;jO@:.4kNnגǨ[ 1JˌWlH}\"HW%cr3h&\0[2ڮaDӏbqָ4jEȃ?m1ivԸMW5_^-<}I6\0ǵ]YeFx⩐̓Cv٠1\ZpAi!o fh	h\'i	;K|H^DSR\"R͎Lg4:lTڥEԩVq.ۓ*U<6&=XCG4=rܶpr+4F `bUjYӋ1#TJVz*1\"	t\'>õkzdrI[yZhϵx^\\\0&>K\n<\0WC0tߕCj/ңkioK-ZzL\0\rZ-!b Af931*Ҫk:als5\0Qd/xO$Kk]FޯrVpI\0ַߓVvoQNkڤ[Yڦ7ӏsckn\0l}dlUqf94vK	G%NtZ庖}\0wm!A##W};IЯ:NڅIX]8{W;޽ΆoReo[kv\0\0S5ZA[_6;vE&ҺWfM;}d}߉io\00P4owʲbr_uC@P$|`(ةA%[IWǣBIk sDҾ\nQ(IQ[iq\\hPE1&hL h{@\nIo\0Cڤ#^$*dg$@\0`f)R2j\"4ڍE?,80 jdwCSv		f(4XCvCLbA	,-\'F;>d}G@ )4/tb85.*1}\"[8d{d(2dW(Oz*cG-ش]J؆\'\07d,p5lxK\\l/YCfu冉Lz&D))%7^MjO1tGUIq\Z\r3 {]_]IԖ`jxcXX0R ^nl7E9\"u/OAO7}W/pw$xNՎͽ\"!UrIO#\'5P1ɢ\0wC<CqA`x& T]b	,Otw+5\'$T\"+2@W+9@+53#p9yqwһ\0l`\r{/^}ڱ!}?|^o>sS`Y;UrNs^\ZOt5\rg@QW~`\"xmEm[}\Z:I;6&yZ0\0v4^U-\'3z;[4wntMEm0*\\j\"_RUKm&}^U\rŗɥܶ>i݋bTiYjK	<|,{C\'>IZ@ vFA1Q{T\rmP6>eڒvVᤘKL6T81W79*ClTc^vFMy҃:qi_Nc@Vq/1U=SsLw/*\0}~)mzr`\rJ![(qd43#޸ \0h\0\n߸Лnc\rb{(\\SlP\\)Qe\nW@ې6sQfH AyA`fnb@<кQ\"ec<N\r!ս[2ֳO MP-h۵5~95ԯ=ݛųhme%FE$\n4p\ni\0ԛlBenEg*h1z\0\r \0+ZSwVYn0Q{H\0ׇI-Ӵ54xKKv|\0c\'Wg?\"8mRv]м. Yg\0g`??j/t_L>)QmqЛ+ac;^GBO4mZ\rK;Ϸntv^NӥnX70bxk\0K.y|7\0!:Ӯu=&PKe0m9l\0>Mk~`?#4l)ݐƯ7ggc5\0Qv\'\'O^.۶[\nAlj(\Z\0=CJrP@a\r=:EQ݂Dm\0W}B9_܏_3vutMl}s;\nc {*SkZ\r\\;4@bIUai3)澣Ş:pot|Sm0\"_vO. cڳ/LAB#KH=3{eHLv$R 8pgBL\r\ZCI0iج\\w{Ѣo%dq@V1\"~(0	n0@F%x\\\ZhKI⹢bLVMNpLә7M$D՛,`Lg6S?AAhj$}h@uLqQ}0Loz&/4Lww3ZL,LL\rx1&xBӓKQh M{iQT3.fbz7M)hl6Tp;W>y1\\ݕ[Ǧך\Zzj:KS+\Z[6\0M\0lktV477]KoQTP٭mvk%iOXΔ\0ĊZwj$rl,t~nR>yNLQovK`>E&fO5<\r*+->1BۧxqyMff[>ޖwN2Ahh~\0O4Ew~ks4D:Ú4\Z%1M \0\0N}\Z\"\0	{T\0 TPT(k$w?Xu?뮯^rDh^oPw\0`=|?޷/[rX4B\0aNn<ϭ0DO]m}*ɷ|?Faw~KOzV6v\" 5΢O\0gf_\"7It_g{u~_C=Mr{I=aUOmuBf8`m8*G#m.ܶQ=jeW$4-+p\\3Ejk[1\0\"^ F$B2nDG0*EmnXL@[Y bk,2͕`Uh],Ax?jNR|`ILqCV4ZsslwMhإHyށ|8u\0 ;]@޴\0N:7V{rji! ء8\'\"ߟ⩱ң[;d-w+L\nW,,-0`n.b3W6t9{Vrps>\0J$A&E5B0WP*ޜcTUfm?U%\"\r#aRVṕ\0Tl(qV H=\n)Q}z{,k:}ĉ,\0v|[6Vq7M=zg\\nJɝI{G~k¢zM/y]cU%\Z(y\r-.5%C++9:.ktsXku6#=?xΜ>Hm]G⼸v{yrQTG]]O4N7\\g۟;#;\ZKƓLB\\SW:^c}eD\0wĝKEsa/IH?O\0\'3}ț`>m ~\rM[F?zfûi$5J~Ef*I{uWU)pjՕc=*$zVvmVYجmJjgOM/,j-%&s®j5owNv#\07J\r\0ohL<xxRHGVy%bTĊx@W\nϟR%YnD@mnV47f9LMkF\"UDP4y vӰ`d`ޑtOniɚQE2$Mȑ1F)Kݟ| Hodќޅjb!I,=	4jIQj	4HEb=謱3acR$%<,{Lvpi\"\rCI@Aib\0;+\0EKhcrP1D*O-֏Lwm{WQ{#+hl<}+tv#-\":7MdPSĚI$+g_u4\Zr}Q^\'̥u9#O8^\ZNM*	:,+[p`l]U62?536?ϝ5PX< {Qp7^ߨx47Lgp=\\jS/eWsWi1>n\0ԒLw,|\ZYE~Ұs̽dlOmAkZ\"|&j@SqaH\0\"jLWDO4ں3(DxcF\ZLA\"\0imbh&E\Z\0	\\LPP&}<PT`P5}]@Q\0RxۧZNln\0>=:U:5U*طqPHc-$T,4~$7\\*q9GB\0eKWIe߿ D6\"R@#$]n[L]guq1Z- XyQXRN$,iŊ͏QM!f\nAeԙG*o^wv]sh.93Obb4Cvٓ81#-%Dj@_6\\}lm\Zر\\h0>e=55ѪӖ\0r+r.+d/\0)@@@͜qQɩ}3]J+v9g:EG15h4jQG ]>ڷU$KZJ/J\0-yn$U\Z,O%v_TLqV6W>A\"YBv/+:\nm|KUcX\0ȌX<jΏywY}X|Wؚع.֜U3޵N֎vf^Yט\0bkRX1l-J4TsnӪJڳߪV%6Ip+{2| 	ޢ9byXߞ>K\\!_9R (E;EK$3~:\0s\nc\n>+zKvU2w٘־Csǘ\0E}o\roNDO#vk忨MC}VK\0\r9A\r#XnZv5V\0Qu.( 1 <n㚲\Zz/WnFIØ\Z3/mPdB|cr|+U{w<2c>e}|+rN>f|Һv5_hluwK;ZpGy:cEzmO?>wG4l!nkRCOڙyshn{B4\nbn߻R`ET蛇%Cd*ɦGbfoj-`c7`1KPGꘪ\0-yZj,h@LናDjt+h@X&(J\Z@݊XܡbPHEpJaj\n\'RDdbsH4,\\yq|Y m93ECq<!d\nHPG4I5{zk\0@wZcm\'D5tC_15jRGOKUn89FRuG\r>) 0\0cf8ybdդ0df8hYkX=\"M,Qu6ͳ gڼ\0Dֳ`}U֍4\rc·mo[,53IW_n\'fhui廊ct^$#^D:ϋ;m~bib93?\01սN֛7O3ު]u\\.H7F.=\0Cq~L|Ӫ%]oci#Z]J65T( fTRǺb9|\Z3H`?ӊ\0-j;ԃWq޸qRxb(,;Ep&1E\0D3Q8Z M:%#i-$vA}3N7_p?5{ZUle&~o\0d`y_x_.%Γf`>b	?ڌT|PqHB\Z3׶\0[x;x^.X6\00Z}{\ZΓꚻ?Eֳn{d~/$#3xr_G.c1#.t[y\"ۈ\'Rz> kat^Wiml<V?zZt}3gPl\\խ&2N>QLo>j8Nl2;S5K}m5\"嫌&r	\"+JJF?_lm.OF[ň\Z`VӻڼqښuD.cAv$@t3W94}9$v%64(VmǌvvDEo^PHPL^yn\Z8\0YEfT&Rg#Ui+mM+:;Q0b\ZB\ZNtAQ$Y\nK[m84Cs|$fhM\rID0\0\Zd?MZ`_[a?PYםtn`b\rP/(3DԥFgR}Jp(jU6B0aG&}y6իoVA&kd-[|z%WMR8rLgz}u;oZ\Z7^/jbm9y6)Ӟ[]S\rfۖ-sOVVkl:qQ﷨d!w+#̩̔RQφ3y}WEΡ隻m)FTn$Gy{U~+xwλ!{Eu.\r]U	$}hbDSYʤDU,g((噆E失q׽R,Axfb2ǽzΥԋiLx&ke\'Lo&0/DWkYrFG\0WP:}}ǛiW:wn\r{vJHXݼS2Ɨ!f]+k@{jsF?t~\'vGo_,,@84vK3\rHF\0$Q׼3cq״?\0axCnnu7KE\0Jx0ŵ;?l1畿K\0cե\'W\ZMV7t!/߀sk}pL۽4MuU<EnK\n;G}lt\'	Iы{}N}\\RQazE\"	3>&#SuHԔژ8Y(sށ*Vc\"(sހ$(9P*o 	c̎(	a3	@5ʓ{\nv!o\0sԀ\'l(J&pOBHpVFh724c0R*{l<\"	LB\n9Ԃ?ble،)yML#Ri=	P9\nO=Gҝab3QvT#^K`E\0u=X]5hkUf@aiܛitpnkU@^4ɫ Lv\'l)L\";qYAc*\ng*m=l`f8-ж <fAh\ZWOs̲J8v_ٸM\\_h́OSfPnx5\\CzzUyWJ0ݍ`ݰ;}~2ĖL{9y3A\0P$El\\ogFK]>SvYEի#oYYj$Qж$ѪP3Dv#Wq\\~(phW\0sL	DEKb f\0l\Z<S>\"9p\0fQB\"vjq	gιmF\ro-MY\0d\0_L=5=1uEuas^žK,/cwn\\Kb61Ȫ5<5sĚ~+:=\ZT̰qT}Ȫ(xg\\\"omxw].iH<I^g]$}}NĺHޱnެp.lbKLxm%]7c}u\ryY,k^a ^߆]kxk>*}]fƧʹUBD*q;\0Jw_>Gz&\',B  &&jᧃ5➬g_]5M\rE>]\0Rbx_C7nWnGk{Ÿ7]B\'ߢx\ZΣGᮡ\rqA/]?fD~[G>x~\0PkCgR\ZcwȨִT~=Ҽ#WSv4zisWx䪨\0J}}?ku;z^ѺwK=j4uzw\\vp@LU/ŏÆt\n&h-Z[:\Z.Zr.*[Kf\Zm|cxG	\'ziot|a)xk̎b{W:5ɭYAP/@Q+UY;	囏JkWoK0o6U.Sq>Koik)5su݂\0GӤXjv\\^iy5:ל4́!wmGם?BS=oiEۚKZJk\088<ֵ]GH5{=*dcx} RJ<Oz\06wMg:yhܿMJQڍ?$\0kmV->cf6DMyDu7$jh\ZKKa-lOm~b<*r8\0v|@$,4F\0 OQ[ܵnб\\H&c:jKI})7vU)wJPMײ4_-)\0fu\r٤:}n[;&cյk%`{\nV.k>L7Odh7Yv\nDNO\nFɶH=.\\ӛ4Hk<2Ǥ\04$fHW,nY/hip4g݋ֱNokGzܶF<NɵG,ƺ\")W]Fb8\"5H5ilݮcN[,dϸ#ɘ9j	#SKAT^׳%(wYCVf\0,O=I.+e]EK)pplS\rjyW\r y,T\00Sk˲]j͝	Kf[nՅ-rB=]F{vcp5]4zn41{@DS6>^F(H7G[[R@lU暂%.Y4;@Sg|XgsYvCPJѢ7,RlZRA n8IbLP\rq1\0Pq\\\"I\\C,Ts`R~\"R0)\0nмP\'jTP>*	N(q\0uR	OҐփl֊MCC84\0\0p Mѱ<\0۱.8%E&D՞I3@\0q_^!\'Ouw|Aҗ^4I|.$0?J/[Ooy5\rc)t\nW]1-GKPn+Soz\0 3_Zxtƾ4qAꪇweH#ڼ_z_r[qgQo*練mZ6Z$cޛbiBc\'ǝ4]洟A|`\0M\0gN]V=2q~J6}W?JG}b-k{Hyu$Fo	~iT15Ԋ9*;G%WC<\"Q]8<h Wv@Mzx\0<rXsLkKU(*	 \0R.5qMe@W?ː%KBN)q**$70iA\'P?mzΗU\r➯Fe47Էt}j2W>uJum/\0kT?ּ|U<3jn3~~&]57`9gWINX}ȿϾx\'Ӥ/wZ]Nۼ\0[-FY[MW5	:΍d\0}5Ώ:ZGiz戣>))UK0}#Of1r;l;t8(Gwz>?o\\ƦV!w>?Jx+Qu<[c5mkӝ!*c_?:-7W\Z̀tڢsi.d({k\nx/\Z.Xtm3+&@8cr\01zOsXGFo鋥w3\07Iٷj4ӧMMgFk[MԺuͼHh;xuOK|%vzW\0*|65q=D0i$|tNɴ\0%L0*.?Nr?fmx{W-%~}G|O\0oxAt^!\"hk(/u봽[}mjJunV?-ڱz\0Q_.:v6Sl	6u,5	Zz3x7?2SxgCԺӟٻw f^BkM޾pp{oUW}hH+g~\0l8i\0KVnܼ完)@l\nNYY\'I7i۴m01<OzcێffuxSC+I{]nMHe\nl3\rfk[}_WqӲ6%XA1%\Z2Z[oGk}	_}Q\0W-G02\n8Lh\Z2\'VԾS07\0@ets 2?\ZN^YԵz#uȑکZPpU7oeM{X0Aڈ4,?KI2hoJm(o.S;<ҮX97hb$iIe\nmOҵ&\0\'T:ҕǨ#}c\0a&lB,ف),5d\\\'ڦe;jH;$)1ޔɡl-ﺌN@3Z;zvcckwd(k6*YQ*-t`>)pGj`YS؈#ޙ-EU\'.Lgڳ\0b{z^u؄[sPRE7;d0H$)@\\I@LtUtY[bʯ3W(^.\"tS^U\0$j//y#Ytzkn\",Oi<g*v^m:ֳBJ\\dƍcFWK/N:8)k|VAjN\"\0t~ZW_|	;I1r/$#)eM@皗vӀ\'&ڤ4Hh/ltAmJY.c^Ϡ۷w&rQX7!APڦ-i8nޙq)@H^x257jI<5t:oܚJ$-o8C9yb	ZL\r1JUra@ڂqk-OWV~jm4N\'BQJ4d̊`a\";l%[(\0NiIuLF\0O4Sc/p~L]4ʓ>S\\ĕHF%ɊKZ?>#dgNY\0rktN{C\\O<]S9\rmԒF+nk+gKeG\'YԾ\\.3s~-^vVo6?8EdA;Iy^y\rh̭)4.Ld\n$c}i /w#0pIbk4l/u#m;Mg~/t𿌵7B4C;N@տ\0ꆛZ=CM\'oKxOJ5kZ\0\rmmzSV*17\'G^_SxA$\rqYJsRTK\03M![R\0:KQ[]`f,Nx5a\0h	?4`qWLM&=D9ɨP2xh{TP}93RL}h{bYi3hAig&G9FTHbH~x;g]c~^V(tඛSO{]mXp?Ab>x/oYK7D׾ \0]S__Hk\\.[] ǚ=y_]w\06.[x +So=wYgZ=R膩A\n@oaKyz:2B9[^fb#WzoXu^SwMzєe:\0j|EкΧuLnڸ!\0Ǳ5ޒO?5	=şY\ZkMcz_CskuZV=JL\r}K>O|-<oOƝ_р/iە>jؑ+Ѧ31W_j~]^mY-Abi\'+9G7ҩ+>oJ.vzWPӬٿIؠ\"r\"zZKkfFiB8n{_?ĝKxK6ܲb|3Ͻ4>}+:y:׵\rjf=rv8K~3Nz_T\'I:ƍڻU~1 +\'~{u}OQ/yjwl\02y5N۹չO \0VSӒ\r	+OT\"A>yv۰dzޥf^Q#h>yF;LDӅ|Vov ױѾ:ČWl:k]k0X	DWL6flQ(bcQ/I.LhllHݸ($?לbUyh9I>iN\"8Z#]Kwʡ:tbޗw3>cNO͵4\'#,9\"k/MnY՗QqUdD5rMvm5IԤ5l[\0j\"woAQm	$gC]rڷgh[Bþy/YHj0;IRĐb\\ٱw@pKI|SBJ\"]07ex	L6\n;ٶw}SvP&Jdۓr9&*7`+FXr;.-:}0Tm)\'z/-h@[>;eFdV8ff١h$UWi=6cx\"`0ckZ.GkIanZCq\0VL^Ahj;qvۈ&E5OeqSjVƾs,|\0xUI+WcMh)yGlѶ.[2Uꖵm0h[~{74#PX>۩X#xJZ厠!V+?-*+wC2\ZvKjA]Erթ\0dGq`h u]H0\"q}gEXm]@\0|ŶV_ M$}\\ͳ*j	3+;hdP=q]4s\nLL	$\0 	2x<L,0FӚ&$\Z1HA6bPQr Gp\0\"MCp92zjƗLb)fv+m9E-HIېVFSi#5gڲڝQ2I\'kvյE0v\0	KEwuj(,&6?+p+,}WpN#a^vzīim,m X\"CQTͺym~߃zEw1^-Q I]HphsRCUPDUęc3SdN8FŤYe\0-OSZvlzu+]bG,u^]-NXڭ՝}GwCŗ.9^ʠsDѩ|e.t>iuw-S!afQ[Dg yK`{@{A`$[q\0WHDE0\0hN3G-@$ɢpcWb)83ҡC\"qNd$0Ðf7׊.x_~Vk~KbH=וTpHLw\ZN.C3.s2}\0z>GSӤEF#(ޖqɯ2Mn\0;QpDRJeg\':߄:λIiע\0Il̞*\0UXtXrn1#U\0_oMvޞ͘\0}׌oC\0]?\Z}=zpds`b%Q$FGj6,w~!KýkSzWm޵te G=cpkKft+m\r^0]\'KE\\M.JӹjPwbGjY|hjԚ=cP:[:u\"nAe{`EyՋ:fLiqbn0sڲ\\˽LۻnG\nI W?[9MR\\lZU*LkPh;6ac5\0	tm/R\rizb-vJH	<ޫG6ȯfOҷ)Cu;$ץoiGr)j>qT2j)k^`Zj\'aks3{1	\'8`@f/!T5x%\'VC-BȜ~7A{Icu\r&Il89> i@-|nN\"u\Zt\\%\0`fՇo;k=?V[YN,l2{0.7?ZykSK\ZkitZ҇\nIAhP\"?a\0Z֗Vo1Ѓm\06*L{O,[&3\"m/pX	s]ٗ3IHo%3\\&\'3T	Az/ֽo3KW\0VyGFr>2V\0%<afo/[;g̺J5,/{+?X!Pc!&}OcL.Tf^@&+~Z0HgG\\+wW^nn׻C]?[Gw-vC˄q[9>i}5lNbSRW1yZ))\'VtKI#GM/oZYʼO+[gӳ\nONv{*?j^el0ixsQrAdG_N_eI\'gܹEF8wʸ\0 ɥ5Fk=^&ޣÚc/ll3M|Jxr\\W5.Q|5V,zōqۗę5ڨ}?5YDګ[剉]ΙqʙmH94V]NV	hmkv#$QR!)ii\0B+a\ncul(qhP|-.)lٟ\0샑]$?Ҥf\"0?+\0	\\LNh`\0]O[sP\0c5	>1qvCcz-R*͘>kRWpژ2{Lb?}:OX߸Z[\0PD\0j\r~ҟ1-r\r\ZiUSōN),[LwI\r?Stm48/=fYNCDp8#0O@y4PSmĊK{ \'?RqB3KL(Xo.n|{ޫͭii7^u,F̸@0>\"uqlcһ&\'U&4gj.S.wv$I4\0`m`\0YNsZ}aǾ(avf0\n~\0ب}|6f-\\P	\rE0\0JMv=\0C0Yf+^RL,L ~ky<PG\"EFx+a}TIsBJgv uX]ca.=j/!ڡvy\\ep.Ǹ\032rP-vw\0 aG[\r _5Kq\\Reh \"$Pm~oƞv\nn.\0 ڼX̜)%Ie?ҫLV\rBr>( l#\rn%zd\0}fg}iEiue\\	TY= \nu/0&0){\nޯbw\"]]$;#ڔ8^ѯ]Ue*\'M,j鶵ZwWF<LVG=GIm\\&B\0(nY6*s^ZpItPN= \Zm\"~㰂\0cEeK]*$K\"\">h7n8#Ҥ+5w@ i\"h72i@V\"Az*v\Z-pר[vI>kѻmX_OC{uuޥn\'\0/jA?f<jqt^UJY>eU0]KKs]|]\ZjFZiWaxjQG եjCFɵmUm*2@f%wmɺ1[,i-w{MZ\"ۮS.v$dsWf}ufTDbC~גbw{^{CbP[=oi][IpoԖ8	Cغ\04#*\0OtjQncɜR^ݰl\'dXy0NMV&8:ruF*~7\\Aܰдw.jttfddֲh8T,um\'N\0f[J.Z%^\0>΋M6m7,%w.8#cA6]F\n?kUh\'f8*I\'E[I`b1\"kv\rOb&{lf)i:meM*5eNuj$5]@$sS[rJΠߘԳ2$w5^g\0GқZS\r8YrLn1{=\rg_vȻnڬx:nZbdc!\0\rK;_hsVKGRĵ0>8RZ3ӝ\0 Ec\0L+w^L&Df;QnFgQ<\"HXl0\rYy70]a\'ս6vS;KCM^˝?LN|6fu\ZeNDVL֕)ZsJbȲm)s*3V^]%cqal}ok5VYrYS.G1KX-dɑZ<Eb屳e!ڮRQ0Q}\ZKR]2Nc6卵>jNm3`IqElb>	QϵDkAGk9ck,-n8K{3.IU_.Ueb{|VtC{*oQYdvE]uRҬjo21޳ *Ի.{ѱR\n4Ն\0)`2SmH |QtcvFVmO֙b$\r6Ǣבn(FfuQkNT8MhY4zL-kUu;o@@u\02rƫ*	A;hh\'G-sɓ\0տOږokFKe0+R]1TjkU{M8ظ4enJRFf}Gٙ>Wc݉\0jƑBk1ڸOQl\nkL@ԃ\"3\\@21P=W\r=z\"dq0)=1k:ÚmjT2cL׈F	HmP84\r0kPTŲ-9\'KdwbZ\'XY*Aqf>kȩ{\n>>*KH@:a9iȴr`\031&ե7i:\"]n@1DGoJcF3EcGbGNR~\"H^t3|N%eHfM047cZX\r<دU?zO%srg%m\0^ZMf^>U&P{{\n׵пu|C5vՙ\0N2DҒˎ;&\"B)tZػcC8+bd=U[1LQzqmfdzZ,|ޝoN,XʬDZן{RGa[]Rr\0Q\0٬+v\0泚LNAen]BSv4ťp\0`OQƞw,z~ö́u,A̯#_I\'\0|؃&\'eliM}Fεv­mC#u5=T4wDozh/ݕ?iOIrӝe._pYaɒNѯ5Qt^k֯j5WZ{WwNԕXj]\r*oٴMi_,B䚹$ݶrC\'T3U]~TG2\0z8~kxxzgPC,؏jՋxfP\'W6eJC¾[/xP-]{VY魧fK14JNw<AӪ\"@AXh6K@j+7$.ZbH$\0iZM*GGC\'ܑYKϽuv\\zIڞ[UP_Y;Cb~ qq=\0HXN?4is^?[z	mF`k[\\G[}4XKVӪ,ZM-4U-(1]fQlB&ZGiiÛ\Z6c/ȧP^+e!cޙfX5y$Nwg\nt{WB]Fރ=m[^\re7uа!<ՋɷlEʩ=T\\*X0OC)YxEDT=)nL\"t0LA\'gUrl~@A0HY4 \n@^ɢ0\"L\0ِ2(\"s2ymA\\!@RG$\0Ԫ Զ$a-۪\\nnm\")TQɤݕ.3Ke&%ɀ1 \0dTa	9fb3m0-9u\0Ta\\r@1މ:+\nӬ՞?ޫu[1\rPlѴ\\OW\"k\r \0\0i+U\\$2}p웖2x4v_RVTT/u^gr6Y]Nkn̞Jȷ.ehR{ap&=KujXۂ$VVOKfO4aT0~\"uMH&-@\'\'0\0$Oe)M¶Py1WzZ0U?aU)Uh\r1Cvg\'1?nhRY㊁9&\rIv\"`41931R1i\"gIvɡf{Sc sLT8\\R_3S01Q3NnFSoMy\0lG\'\rMPT4U[ Yt9ojTߚ\'5m\\o)U +lO4JCfmbtdvm,s[V:,{F,-m!m=\\vyamq4,FnHLu&Z[#eJ϶@D22jћkEf[\nGzowm@)<S-5}Ϯ`9P\nb\"=|\nrWl52SY(}xmMUgWXz4.ږ\n\nqu4|Ql2T4> B\\H)eWIOuzۧPm#p\"dVω]KU_VtmY*CyvB>q	j,~>Xrцֈx0x^-I\"b\"o =\0`kM\"-!}WPI鴚]N;8`{VZv.9amg5i\\\r`	MN0*:Ybmo\\VMbi\0y(-=Ӣ]U1\nnn	=):6|5rLڗu[\\[Bc\0j?Z{K}M&۔%x0ykFq5۳v&7[[l;p\"m\rj6?zv-608ko ~h\0	8h~\ndW?mQ}1gQ}IMyx-n#hsV5]dԱl>Ǝ?/2ɕY~.WJw	e	&jd\rl\\]}}LE-8*g75,Ė|n\Z33^vZ3u3xl2[Wu;T@Evf\nL{xX2jcN~nY,&iuuww!o㳅k{#DԆ>aP(y\n1;e#r/\\GW-rT?/lm[\ZV1<E_t֍\Zj\rV)%H4I}4滋Lt+3iyZ\0M{&@(Wm;ykt;T@JpT84=jb8Yؓu.%#qWHlAV8ڜSgҀy>1N(v1+ڍmzpiiiR<˚\0j\nTÿv\01DC?Lq4v%w\r8:cE4U}=vdjU2H@\"An P]Y\0\"`\0=\n1IȨeΟF0ˏsZVY;jKBdo@VY\'VzlN7$yn4܃-FPs7YL?jH\\v+{[-v$x4*n@ak{mSV&QNLHm+G2 \\ۚ[[\n\nݰnZ\\j\rbD5tg$>Igэ;YWtAAYЀfmm @13WrKޣm!&a&r\rUn2[(&j\0wjF>՛v|2q[z2<,uQ4BVR1DQܴwKhkR5&MpD=HIL͖JED(	k]P@-kŽ.*	>员ҽ>#@uf>WBQ$`(\0;_^uF1A\0LdѢlҏ.C\'X]v+n\"W}05OalN\'\'r\"rjݵ@8~\0s/$(sPP\'V(E@#Ե+v 3%E7b1G:\0KTD>Wj^;R6;M(_\0]mxڲm KO$KȎԽ\\y;#i)Kh^/$K\"\"/o^ڂ:\" ce\ZMJYMWs*`?\r?{V뭵!mx\n\05SivN5?xwNM-=2\n\"k%|ߑo#=\0i.ku\rgXKKyLT Dc#[\'\0]]Yv\\ER}fݻp;ODU~*AnjuŋI`IӱX/^5w|Gsf o`fpqRXGˬt~յWu]75VnvWN}U=)q\n }C:&EԴZWMR$HG߉WEv\0N6=k،Azrb\ZG%{fņE*>Ç\0ލS}	$\0C=>Ǚm-&s_B-Bk=)^\rY:mUEև5AҮ]\rAeJ6z,&y8+\Z=늨p\ZqQ\0) ~к<ն#kϻlGX\n6n늋6Զ$An^,Oj>+kH-ȯ7ԝP~)	^mhVI$YOC!&St>i.]T#+y۹oer+iYɏ^\'=Ƽj0E(GA?5$#fq#R6+uA%=[\"niy\'߳Uƴjs|EJbvĭ,{P䪓14ͪȊ5R:V-^q̙{U}ZcSJX{E=\0iYKN5\Z{ms\n3V?\ZQw;,-ܒ3K~hPN^enʶgWbR7Vо*.^r]yh^L3T\'f&f]nM\0!\"n,=^&b>f$	_L鴺HDzVPڙ*NxX?5$\"\0r&2S<r*\ZӅjm,ا4 b\n+Gҟ*]SMڐhfpjg-\Zܑ]/:REe0\nb*\\lW#1+Q疤g1D޺.\0<\n3vF|rv031\\PăMU1#\"9_گcvTKTۑ@[lŽNzS9jQ\Z}:Tv\'WJ\0,d1Z\0.mxJ6[$auKӼ]w\\|wP.3&7rTWt^\ZeBxu9Q->Ǘ(,\nA!d@i}n_p|TT-n$L(LD&}apliDտ@`K=W{-Voj(P?UNU#4D[DLsY̤4Ei7cڬL}U*Ό8Tpjަ\rb@$&qS8!$)؈l	ˑ\\\Z遊,ڧ#\'<ѳi~ֺsbR,I-&o©1_x\nγ,l\0	fSOW*Z\\5Ijƴ(U\Z[(1{fL{qCE_%al\rL\0̓$s]\'\ZW	&	l{:ݩI\ZM\\[k&ylȼXiH\0Bڬ:9#SЏMżCjg;bDګ]M^fcm*֌jn\n\n*{Tk$^\nԃCc^זGWu\nA_%zZqKgw핰7`5z\\8DS\0zT	i;ֻW~2	mj*J5к}!ɤvxo%Yi]1Z>.ܷC\\6^ˢy.3%V=sI<\\Vzٱu󮝧ݮiuzEeȟ:;^hw=ə5z@^R 8JK.۟kyd<܅%1Zv掗AYcm7D:OM {IR=D-aIPXs㮿au!qt>߾nںkE|{\"7hAt{jvb2Oem$Mqm!T615˹pgeQ!Fm+\0ޖm05mm犕=&H0qڠI;<U$f0>)ISzꦮ`pO5]xMu$pOHui/47<rU[~ěubxVWr^AwQ|$Kk5/K+CY/$|\\aqP$oj`Z	IoyT@7NJ\0M>QdpsQt\Z\0#*%0\0|զ5@3EүTZhKwr6C	=@?>iq\\c4$S##P=شrVGGL,⍗dhQitW\'`cDGb\\^Tg9fqo.?\"ۗo*cB`{WI޺AT\0b_ED4!aL\nj[3Nl4T`@K\01?@jŖ(Ͻ1uF7@5צL\0<\n(rh4ȯu}-4;L\\l\"\'osWz^5v0u>E!-R`j\'-8`+ܺ0\"tʮV3mjg$TE\r	Ka\Z`Gҡ>5qR*շX6COC~ճvq8ٔ\'jg5evwl&;J.p)\0\0i@r$Iɥ\\\"\'])k8U-k?q=Nf2fKѼ\">mT	V\0NwP-ɩk@_+	yDȀJɮُreC*1\\nD\ZҴbEj䟥@(m̙#~K,i]dO]JO1Y>Sf8̊J Hb?y\0=QRcKTېVɌm0F=؛iXsVbY19M1-78sSŦgk]}@Q\ri]Ҁ(?*\\U\'HTfRDP=WR2+e`(*HQş#R@Q1\\;E8Q\0>Ɣ&\rbAh93\\14	zV@\"]qQ\"#pN\0$wxQbǉNѻ]>S\rpO?0<7ɮqvVi7ڦݷkYhK!TH6[ޫ+Lc~2GҬ-$IeM;Y]m<IPG3K{.D\Z}Crđ}z oy\Zw>=wVeZsխ	ip>)dNEp!dG2;NI]B鷧(l4ػt[[hXu״@Ye^Wp_/ܓ^U\\9?L0)!h$	iI#+(HQ	Eus*@2꭮ٴv7bjǉf৩<贝`i5bMyfYy$P-*@&~&u{Q!?,]ĺWg\\jx_[յCUwQEf=\n\0.;wwݻv+;?B5	y+__jGwQn.K$\01x\0[<Aŭ@0Vw={BX\\my\\5Ծ12YI4\'4\rvCݬ27\0Z\ZPp1JYV `ESIRCAG4\r8۸*mֈXZ}ie#v6Te r${cGցUdE6T)t乘4aB\rƹ꬜K$$Ȋ;M$	vq\"x;WYeLTݽv[3r\\\"5)|Dȥ}B`kH0A1U#<pvl.銳g|S-ǨOHTU6=D[$Ӯ\\#Ne}\"!	t0NY+s/|Ճq3C,L\0M$@\\#1jϷi\'ڝso;oUi\\A4.2L\rj<?(XAFU68Ɨ#4zFHf-\'\"_2c+Ul~xiFA9x\Zm+{mm/YuKjsiJ6(Oz[e(ͭ&8\0sOj\0q8+\ZWQ\nվ֟Oj\rrȦִS}={b	U;\Z5!cֽY;Jwb\'^~.K\'F9\'v$Iv°\Z=JpC [+7(pjX8l`r~XmJ\n@NOlV?-qdMu]mSt\r8:ePf1ZZ[V<bkNs8al͕(*$捕#Y\"k`V{V214MoYpc!1\nC0\"	\"sTm)PK(3<\nUPWF2A8[ʄ3RQ88Qi8y6~ȡU\ZDX4tV@\0wfyd,cbD`(BlkYFrf޶0*g(zDq{~)~jpc>*p&7\n6\rv.T8[h=ET/tS?JVQn[cj\"lAIj6\"Tf2OmKoMƻtf<nn=ɲTHNdb+&ʰ0mx4#B$9t gڒc @$0pЪ~jܭ\'o1 TWw\nn۶W[eXE0${	XF\0{BS1M7b?ʊ\0M9J}pTa)݉\"	0#޳VR.[VjVMBwcViJ2M)Z,Uf`ׯl\\ӫ㺮RO28YS=O闅b\"`8<%m<KPK5RcFjj&7|MYNܴ]70&ڭMkwzqOL	MriƖYvNV-,l}Ƒ:i6o=\0{0)T}P}G;¶#mHSz\'%LMUUbiox>ĲH?4n,7pc$_Mc\02Y,{H:oTM/0.(1&@}e?ڥ|[fA \08^Ѻk2]-ӵ\0=uqKFO+\rNg$q]vBkYLEpb9`DE16Xiʶ-n22Rʹ&gJe)\0fP.OAQmTM6O<VH&3}ʥ=Ǳ\n	<Ufp4HF-ǽKQsaVmԘae v8c	\'*JG(Xl|\0)9r OXЦؾ5\Z9Dlidxl ƊC`}*\n\"vF*AxlBkКv/b#Z	%`Oh]u,yh^n>{J\ZAxlİ#\ZIR*1KA)O\0̈R&>>JTe5FRDOqHZ܀Fh\\\'i1wبm9RGTanjז3Ca~E\Z僈3E\n\0ɚA	]P{\00DqI!QެRG.\nVx&sdi qM}\"\nݱܫH&ړ-N*+)BtDA\'\\*\\Zzjwg\"qdW:FNOY	Rc_5$Sܿd~5D+CQ^q޷iz{]ջwH8&]#UW\nXF[jqJ[UJ[.fO\\土5gCk\r䁴0~hm-{rݽa{Uv\n$7x;$I(\0NܸhV=މmЕr`}*ȶgEvG) \\*@?5qtԔ1JjvK`[8ƠI1ښ-3,S\rQP4+]x1ڬZdyI3;}(@۞ZDL2WQלP[RdAC[@JsV+87Bg@nSoc--UUvS/nEUjZ[ft*c\"Mv@[cq0)Pl#r[NqL܄T4vH@dZ7]>*p*%>m&Yxi0SWa\Z{NLGӚ\Z`?uavj.HfK+qGG\Zߑ7_҆{\0j6pUFwEq	g;cZN]d\0/\'KCTiY\'1n>&P7nZT&Ӯ;\nP3sNląMC~i{t9BK>!\rJ\"$0f?W~~J>$sC,&)ˊ\rDEpF-T._~֮\\s%)Yw֦Z$pMNXrŞ74ϪIqX3ǽ1}*~(paX:\0joUq}?ҺK\\5	t-	h^{b1Yk¡cvCKFom\Zoŷ,i{ջy!#56uiEVaZ*N$dɡO4ZFO+rխ5\ZC⩵C0DqO@34BD踍-{P\\&\\3*i)b1j8.V]pnI[aaL[4qO\nNWdm2h*M?^I1V+m\'+M?~Tڣb=M87RO[\"2L% pEAwӁQžz۴\'U	5rP }*W`\"I*e@&1P[j3g(M$BJ2$zxyU(`VKFi9 N$Tܲ:#5jG%Q%@:cEopaGޅ8<ԛF@Sa\\!ށnܙ(\\mV+YORh89[\Z$\Zg[4 \'^yr\0qVn(%e4	UȮ\n U9\n&=lZF&$4ZgxTXUWsP}KtmlTV6ɞyy\'|mI*nJFd{\Zvu;qj^v@5vfqI{PÒ?އj-Q6P2q%OڅA]QX;	fBy\0$1Z\"5iEmچ<*rV\n`Zhʷ;EW򭕙3406[Ȁ/&I8P\0 8LTze\"e_|RBdM$V|UA4LDTAUX19E\ZJQq\n*ީLYvӿiP=Xl4ٷv88m`NjApo}H,z~fD☊JaJ!Uv,`	raV}Ȧ($>EF-#v	~7Bo16LZ+W?PzkUpߨ	Ն-*yDF7-\0YrUIBs@Zъ7Lϸ `L[nKc\"fFxԹ8ȩg?H3Sr.TrI{TZ{ڎa{B-?j@\"(=[X	\Z]hb*PeCP\'k)#⪉{VuMHbϕ@G#nfCwMa\0Zʷh-i=in\0Gzvi5w,j$d\"?S?/spܰ4MW]AXu6\nJA35z=*U*Nk+LڒPD^PQ\"aoRIoji}H?zUpõ\nN4Zn?\Zfӕ隵mv\"&35ddM&\n,m(QH}@vT{PԮTe36ErVEl6ÚJQ3<\ZW~ó;˂e\"Qw֍i5T\nVD*E{Et38R5wIp\'zibmTҲ@\0<T=Z^o\0qϨ;G$`d<F>9~+T+l2rqjN^Q4C=ʚMerZtl\"=i\0mҟiVspPOղ;i#5ּnSze0$ZTkzVM5ۊ,\0i;\'HIDJM[p|iE:[L61\ZP[&V6ryzxʴ*(>h&ʌcq4TG[\ZٛqSȫ-fG%ݤeT=X,ʅ~$\n\0F{) )O6<ؤpzޝMkza1Lg11ҒpX1u2>U*A\\n*Y*p};4/pn\0qɤ@-7|iԕD:1iPHnf\'VwI3ۊ.5ZZj4@0I.=xQW2\"1RjB$KK%B[i\0zO\\d\rlYC\Z2q\'qBX1U|J~=Zr3*RN\r*ؚ8w8O5Q\r>,T}i]rp(Q%WN|Ri4&IFUB}8*.Z2	P;HHTU6RYcy$52Gs㉣h7\nytT7 N{b{[4A269; NiruVܺ\n,xAU *=L7&1F&}[{lҟD*J1#\"jG2j.b	я#NqRzC(\r\\=5.KӮ<VœuG	iGf=\0ӿ{\0ZN:1܊@7aԣI;-<Ǩ((I#+&鍔_Ip4caBmX69,\n]܋v\\QQcR\\yhV/?3F-psV$S7czk!Q]`-`sM\0sE[=ɨW{v;\0#vdpHAĬ5UJ{2EiTEb\'AWglGZc7\rup{3lF*@G6v5tX56\'DR@p\0jg:=+n7#|\0fֵ}{.M>Z\0.SѺ,\0VW&Ln3\\)]FFcO\0&ߗtǽhznztw\r?NE\'Gѵ#K\\p7ڔi|4v.5k(s{TrI{6\0^Ԋ_/۱SKW`jʛ$+R\"ε޸ց{e[ǱijH_=ؖ9A$k 4$ďOڻ\\L)5Фo\Zj4.vR~+.\"v3IuF?TInjeI\03)+c*Xi}Jj7jQm]i,Yc,G>T][lcV]3&DIm%nZ6C+\\HcjXkmqC}-3U쀂pr>(۵7)?^2#CM>HgtsqBڋ@ۿ94E<֕*dDslƦ5me6Lb&د̛gqVA{\ZcqwD0{vڍۤfUcށMilJ\ZfDA4$6](\rȕ[&GuY#`Z3[ޥE{rb>\r-fqm+\0(ѵXVE&T4UwÐ@3\\W`I[[\n㊆IHTNhcG3B{Qle8_\'ӷi{fH~jB%cq6MzFnVѺǶjHD@n)Ɵb*	f/p[\'wq]mMUDsI	G䬶䉀hYP9KıBTۊ`Ӳ\0(rv܎#) \0zԾQP@56n;J>\"Pla~V!xӽTZBϴϽ\rLN4Uy\00>*F.Ndښn#[RUfks\0	&tH1MJJє	3\\	f繚rɡǘ\"[ED۷jpZ=QCVYi6R`T@(g4	\nw 157-*X{Q{BZTRXhnY x7!D=n!&qEڶb;fBDoXCOWȺ\nHDSj8eܷ>[vUkLrdVe!P8eyIhhA`VF\"f$3FsajZs*h,]\'h)yf^Gڭ٨ݑ(K5*AUѶօ*=ĝW>&;!H1@·pL|SQ	G,CR\"\rGqBv.6GEi<rv+ގKSKuB\'ڸY6dWNCY s4:\rekI4*C\"\"\0OGE>\n\rBp\"J^=#gyeKnBx֖ܿ-iߵ};;IM9eOfM2=RӌM%ڑ1\n}\0am*B΋\0Uw&b1@Y	rŷ&଍fۖ)wE$$oMV04AQ?jTv^m|vʬJL{\0)C|y6%$EkFU)Ρ|/GL3Y5םd4ztI`1U^W΅N4:@an^b;X\09޲(2WڽvX:^d?8܌}{;hKj|PnB?N,m38IW|^SGdjJ)\'\0@zWzۯԗQb[6[VD*	>y?#Ɍ%ŧr|S.57ڼJ_]*[wMҭ}k<#\"-=5G6jm8x\Z۝->\ZŹX&xKqes4FQBf{DUt-\n,F7VtS\\KRm꬟NtGKߺ\\YFl-.Ehiy\0&ʢT)ԛf;EP?WTSHKGm<]t.Ds46⇢ ZwQl^wٸ`m\0SwU3cI}ϸf&9\'<j]\"r )?s?ڻ\ny)3v\').Q[omWُ1G\'ނ(#i4!,Y.-m=իL_犨KL)	(5[aM\0M)nsSi1$\nR4.$O.9VRCq%;$mm2\\_[7ҳe-heVP֠Hsp0@[a8<Wt/*pc,7X*[P=CUTE}GqHPap\rA,7|Xkb+Km!_K8be	XmDQyj\Z2#2;Ӆl;	sS*X;R@t\0I]=Ƃ@ 望֍A\';MvFC hU!⫕	DPm2?ZxU\0F?j;\rDRZ~Հ<֘_R:N:e1j|OA>իeR`{㚛iت[ZA[~h<ev1nfO8zz7z!>α	\Zuv;\r\ZeoLz%Wbd)U]=$\rl ⅁!rmgk>1*;+Sr.\\7ߤ#۲EvNIv);\"i`$ȁO4pU4pް &>-8r1Y?FT7\Z4/\\T̰F=\\[\n|iѡl465J;O֥j9⧁]~Ű^~\'n֒`[<I)zd\r84hM&UiN,U>hLz|U\03<$$fvT6%- CQjm镥@coA$sWm	妗\ZZM)n#5}]Pʨ \\}i_%Eq\nAF~JH\\Z\rƪPA\"`\\ieS\"!bXC\nSMe7MRE*),@NJBXlyzGQ#)Jg3J{ha\n̓p`>EB+G*^5G%m3UF ެq<M-i?\\U:_!\03hS4vٕ*A(bw*d\"DZuuT4{vmxLs3޴4\Z6-E#kdgڅq.#vimg*ʣ\nMջpL?OO+k/wc5^ގ;o&؜TwRDj,ض\\\\Q|AV$e2pӛMdW`cWUynR2% \"M**괪VuԢ(,[k@>_,YF*%w[Udgi,9K[en@3L:&dߺ`9sxSlwS֘\\Vuƶゅ@jLR]n,tzw(hhz=J;>nkG!3{}zfJQ|ܽ>)]bJ\\ZU@Ik?Tzw4PZݥN6K{{Úmm\"#՝,X^xkGa\re_v \nZW\ZE1U|KYH`}{oÍuCE`mE\\1HV:wI͍EMC+>9$֑O\ndNR6JYd\0KOh#zX+#߽}]_jjݦ~i](Z\0+ն&[~ߗ%+WF!OKv`+x}k[D\Zj܍Lvh^]\\ӫB\'whfLny[NcZ03\0vAwZtXcѨR\'gVjyLHtOT+t\0/kCIa?Wܻܺ/KvZ3OguhUۥI$t5[Br~YEY7@ʨUqV-YR%XUӚj	|(juy,0߹q\"A3M2g\'\n9cW>WԵi[r#\'o\Zxk[v(<|i	]FOȵǗn~OUw9i%d<ɢn⫠tr\04Υ;knϼ6@(\n\\}qHܲL( 1MK;®XEq=)m4EW1i²a_n*,Q2	HiW4϶KD4A+d֌AZtXimhD70lZ$߲ܐ`-$4bڲ?2pI`xh\'@7b~i{(rd	Oy\ZTc&\nV+1\r=}Ž2#PdvҡgJT!@i SXRNL\"&G4RGiN?,I5b``Ej琲>it?{U\r;6ݱ>G$}HTj[rkpAƗoϷ$|T}Go\ZNU뺓 G~ E[\nqDl\Z̙{RgMvb3M#\ZTˑ&\0_U\\9zSwh풻ͤ={]7sV\'kvM9hPܧ#\"qsޗ/HuK_*H)lcpB_Ws84y\0犱oIaڭ*]9Æܠܐp)tÉCU%l8BĈjͽא%f$U\\4*#<3.\0ۓ0q5im>WD]iwc!Ii\"kkǨLQB|cX,A@B,2\\L?:~ͮ.]{N/]GVzڣzUD26=a6V)gTJ\\+}twJB&liU};Oگ0\'uOG4}]\r,98bƢ[7OPqR.x\\U4\0CM\"N08\\&()޴s襨Ҳ5n(i+{kp>**Z(ķ8@@iwA\07C{%Ս+\r\"i	d1~gFRUQ떺yf[Ną\0%H5:MNZgߴ!PyU$\0_QOMj~ލ,-۟2@YWoK[yT-lEԐ6@7EՋz46r&?jbE[S:]:5	=DFd0[氶SnŖP7\0	4ԗBI-7۟#\'+A[m\Zx3D[\0EDӴ\ZUrI@57\n2n\0\0Ӎ䣝9C~E$\Z#r>\'VR+Q0Ƈk/4\"͛ZҖ=ן/R֬uFV%,/܌xW4*	>ha(M\Zaz6UݭD:K.mY)gпz?OQ꡿tW7_^Oum_AwZK\'\0ջvi].ΊޣX7,ǹ#Aj֖ƚޚ\rx,<Vݓ#9#G4m5ͰFW0}hu.fޣkgci~V^]x]gPC\"\"h(l\0\'x\Z]Z#=2\\M@Yb{+Q`/KyQyͱ?v5<=bMi\nܗq8EܫڼWz_ew9mq$Ln1!KEƱl\\hP~ymǓWڋ\\69#PLF)QvF!\0ܳkmH*嚪\\$U8#D==َIXfMüA֗[mGEu6rpN:%\0,Ziv7Jn\\ײaBO޾[:\0_U[Ql;Dz1SZa,=\ZM_oe5ضraUFI5mGK:[bʹLM->{YhvQqj\Z\Z%H^Ѷ:βF??~+?\0rcUimjtC\'8V˺&Bj:R[,C^Cp>yr@h\0Sf,jY}&16Me1(bEsm\nOgn:4IO`tE.#˂;h:vL5=&K/o5A.Oi2iN/\' ND\Z֜zq܊5B!T v)Ŕ/\0Ca(m[FAyjVlDYj\n)sM m`` /jjCZH)nS\0Rn3qnH!Ѩ==*F=!lxޝngnV`r*JT\'3T&솶IԽ^?L) RT\ZET;vT*;Ukī\r;vC\n,OcՔ0&6S(х!Oɪwfy&nԣlmXIGӖav&n]}?ZG7p^V}Hp\nðV-\"MO\nVTv6.juNfˈ\'aVxQO蚐X=?#?ڦ$*Gf(.lH?4UV1\'6Wl/@1(h$h˾jbA3WTil\n`*x$\Zj$41Gc:sq\'\0\0ǽRV+\00C\\.0\rfjn+e=q1 n&kꪻ@E\0Bz7n-ېF8X!s Vj]%={lss@QjBZLmZu$r\ZN0IT\nnۼxe;SP_mҤpvU=Bn24)z2̆2GZJO]ؽvPm%&OzN/Y;$zYh*\0;9!q٠eZ3#[/e-I;=_W:7Mt\0\n\0iw&<7Yf֛Y~9bdI٣ƯMt;i/\000E*\0zkm+E\0yPkbǌ\0X]B57VޗjTi[ooߕ8?gh[nKvҌ\"jWS2;}Wrp%sU}jGWwiͳ\0^f8nύ6lq\"fciIc\"=k4kxhzu:vOڴN<3<1;OЍxw.6Rd|[v \rx?Jx\ZlIN.	иw7}2$P[|:Rc\0Ukf?Phi\0R&@ޒ8j\\ E9u{ydGz±U$Ⲯ^tɆVMD١U)&v\0,[[lQuqYغ_)wքn).rY	zyk\'1ddF@i%TCCBum#ȫl[:P&zD߱Ih^CWp#)쓁VR&'),(2,'Ballpoint hitam tinta kering','PAK',15,'keperluan umum',NULL,0,0,2500,'no-image.png'),(7,'Lakban','BUAH',7,'keperluan pantry',NULL,0,0,4000,'no-image.png'),(5,'Stempel','LEMBAR',40,'mantap jiwamu',NULL,0,0,220,'no-image.png'),(6,'Penghapus Pencil','DOS',0,'Keperluan gambar',NULL,0,0,100,'no-image.png'),(8,'Kertas HVS','PAK',0,'-',NULL,0,0,8500,'300917101135-ilustrasi-toko-online1.jpg'),(9,'hekter','BUAH',0,'-',NULL,0,0,1500,'no-image.png'),(10,'Spidol Hitam','DOS',0,'-',NULL,0,0,1200,'no-image.png'),(11,'Spidol Biru','DOS',0,'-',NULL,0,0,1200,'no-image.png'),(12,'Penggaris Lurus','DOS',0,'-',NULL,0,0,2000,'no-image.png'),(13,'Kertas Postit','DOS',0,'-',NULL,0,0,5000,'no-image.png'),(14,'Penggaris Segi Tiga','PAK',0,'-',NULL,0,0,350,'no-image.png'),(15,'Kertas HVS Later','PAK',0,'-',NULL,0,0,8000,'no-image.png'),(16,'Penggaris Bulat','PAK',0,'-',NULL,0,0,33500,'no-image.png'),(17,'Kertas Kuning','RIM',0,'cetak rekening warna kunig',NULL,0,0,25000,'\0JFIF\0\0\0\0\0\0ICC_PROFILE\0\0\0lcms\0\0mntrRGB XYZ \0\0\0\0)\09acspAPPL\0\0\0\0\0\0\0\0\0\0\0\0\0\0\0\0\0\0\0\0\0\0\0\0\0\0\0\0\0\0\0-lcms\0\0\0\0\0\0\0\0\0\0\0\0\0\0\0\0\0\0\0\0\0\0\0\0\0\0\0\0\0\0\0\0\0\0\0\0\0\0\0\0\0\0\0\0\0\0\0\ndesc\0\0\0\0\0\0^cprt\0\0\\\0\0\0wtpt\0\0h\0\0\0bkpt\0\0|\0\0\0rXYZ\0\0\0\0\0gXYZ\0\0\0\0\0bXYZ\0\0\0\0\0rTRC\0\0\0\0\0@gTRC\0\0\0\0\0@bTRC\0\0\0\0\0@desc\0\0\0\0\0\0\0c2\0\0\0\0\0\0\0\0\0\0\0\0\0\0\0\0\0\0\0\0\0\0\0\0\0\0\0\0\0\0\0\0\0\0\0\0\0\0\0\0\0\0\0\0\0\0\0\0\0\0\0\0\0\0\0\0\0\0\0\0\0\0\0\0\0\0\0\0\0\0\0\0\0\0\0\0\0\0\0\0\0\0text\0\0\0\0FB\0\0XYZ \0\0\0\0\0\0\0\0\0\0\0-XYZ \0\0\0\0\0\0\0\03\0\0XYZ \0\0\0\0\0\0o\0\08\0\0XYZ \0\0\0\0\0\0b\0\0\0\0XYZ \0\0\0\0\0\0$\0\0\0\0curv\0\0\0\0\0\0\0\Z\0\0\0ck?Q4!)2;FQw]kpz|i}0\0|Photoshop 3.0\08BIM\0\0\0\0\0_(\0ZFBMD23000987030000fc1e0000a9270000a22f0000057f0000c69e00003fbe000023e700007a08010009320100\0\0C\0				\r\r\n\Z!\'\"#%%%),($+!$%$\0C				$$$$$$$$$$$$$$$$$$$$$$$$$$$$$$$$$$$$$$$$$$$$$$$$$$$\0,,\"\0\0\0\0\0\0\0\0\0\0\0\0\0\0	\0P\0\n\0\0\0!1\"AQaq#2BR$3br%4CSc&\'TUds\0\0\0\0\0\0\0\0\0\0\0\0\0\0\0+\0\0\0\0\0\0\0!1AQ\"2a3qBR\0\0\0?\0W#L#z՗KW\ZգX*go+& D\"S$\'h;c¼,R<3Bh#\"\rǏf3[+plmڑuzy3ng\08F5Lu0(߆C\rBB<hI)au2\0hb;\r=PgOA#ⰛjxSn06\"[YF~8re\ZsxԮ=XLܪy1i	Q;wz:v;\r!I-4H5-fbHX&^-3Hnv~xd+`=tbŖ`H*i\ZWo.AW\Zhq,mVIBQ<tVHezP!֚tBѰ9m)	k%=xoiEp4SHloKaU{F;E\'~.`J:c隘>M\Z+5r>Ϙ0\\\n-ne{j!1:aR,S<ZIW$W +U&!]z(}դkAa/r.a\0ι!iSUU+~USp)Q*)-ơŶZ}ޝ\n?7}BHFz*|8l/mgyrA\0N6[H܅TsWy\0jR$Lѥ$A4H[IX`B<#`.\0ꡆХbU~iJtǸ zmΟFMj^9\n:x#%!3&9&a\r>ɓ27wZ!}_[L	HC%Gro\\\"c.N {kХZI̅2ig1lCMyk;ȩرbR4CnYcÒX\0* D;8L\"d$䊀,-ePHgRvxQ*X%D|c|v)ٖh)64Zw;<\nLm5<ki\rf8K8L?Ϙo0<8l.mf8(q3BwBQ79y<O\"\njm>prSZL=:{2:ql/\Zl,p`?w4zq$#ҢW:cYp&:=C[Iq[5ƱKѳWIZLL+g2Tv+YɏdUǎm`	ra֝\\32\0pwU<mvK?i[QphmVc~fCʄx5mXwGAi>@4.&v\r3Ǖ_hr[g#8\nbKT#X纝`ʨZ; <\":sJge,!0dMfTFH=j|R8upz҃7g\0ت\nZ<?mߗn\rhw\"wÀq@)Jq_= Ozޛ*T֣eGe<QЙU,3&d~.aϟbA!oaqF=i~xfWldaRGѨjׇ縑n a\\1`ȭ\0+|a\"xW\'<c\0T\"<}ÇN\\y)jFR?39x7Yfnᝆc.Cs2sAZRӮ9ەL\rL.Rv\\EC׮ƛđ]E-6W>\Z&$&V9[K)0ޱ!ҕi\n#!\0Pm,=挏X<k;2Mhw\"?N 5?&?g6CAa_f8V I-[\Zmzؒ2K \'˜`~tTq\"jWVP\05]jd>+KdXYG7K<}FYvZc$Yޭz	!4 \0>4IiIjvxR\nwk]\nAJ4htHIQ&~NɣS,6!qgp.ܢFDA8IpFQ|Iy^\'\0\0yTkxQO=ԉ$G=<\n$渥U:TԲK5ƹrLƝwFt	#Zn-rCu9\"]6U_0C\'\nSח׶OI5YhVYQO@~=FU\r%&(C1$\0EvVJ1!=Yܒeaߣ}RE{\\SZnfYq>n&2}QEz`Q(՛,Xk9UZ<`\\rA72hۡ1\'lzM\nM6D8ru\rǨߋ\nM\"=*l\Zj!szsVκt[j2\Z6l0Uj4XQj|vo\0ʚ58t5Կeǰ)Z*h|tt`,-$Vlqo\"H˖]	oq,{ugH_bq\\lkcҕ/H񮳔7pir,詒w>Ɠ6iQ~;ri7Ƙw3DE$AUCZOo@/\',HlcS&cN*^=-.whe+|߻q\ZnOA|6X^jHJhz\\{뼾Y<8,?eFM^9QsPv2Ů6L\nZع?I>֧*c=Āq\r\0fUbރl\0\'\0ˏ,~j\"JWgӽz</_ُv\0o<zUE>CDN$̑f\0$yg[gΣ:\r\'`x*}6rH,(لu~NWi=4(>TiRW(ư42# #PG)-2u  u-xvPczS\\pսqObA˦)x#Ю3xUfz,朆wA\Z.IxJM\r74OqUdӲBQLM&xaP\Z`1wS{E/$MlB֕6dwɡy!#r8(4ևH22:n]HLlTV;]=Ȩ#\0#[pbgt8>{T=JvFqQj{ګ+`Cn,uZ[]5s\'Ct*U%1YO\'EHXY>:[8\0oP5;BWbjey\rHA4?Bᴽ\"Zk.rx\0HTه*[&gKEcFQP\'k O>\\~1<Tkw,q~uQ\\M\rN ӽZ\'lW*;VĘ84y$<uOʠ\\OySD	\"{vuor/@=\0kVWuChm0D*\']g/#x!f2\nSIt1Pe{%&x\\Ԭ(p}[I[Ag,u}fB\Z6ۛȔ3rrc\0Ѵor%nQ#AtzԸn _q=QYƏv\Z	#!#ߪU3\Z֥\\9o4ZΥj\r>8Hؑa\ZT;m	ÐcV\00ǨeB(v.#}V^vEe2ŏ<ڬQ\Zdn7\rT2JVm=򨳎f8w/YջV.wՉegE!;QyAg\\wy~\\򜑎K ӌUQDWLkC/X\n^ԃݫ\'M&oVfkha:-FܣHsg⦊/pP[SM+,͂3(rd@X$ng)yg|Uc\\8\'z$7SOjpլQD&֒yyC4Z*d*gg[HَK1A~5hi\"W>ո0َ?S[98\n:u+˷;;ïA/g~?w/E˯R%3\0zL{Y N،QN\0x3yJJ;MKSnk`P9OzִK%YU9_רd֝C͜mRx9o]ǣR}dkE\0gԧ<\0H6a=Ƿ@vVP=zX*BXTthAH(c|oLGw0ߗtQW)$ry`T!csOɢ%ϭ\\\\8E6;4rFzTtyĹ^a51g(bA5^C+N%B7IX}EJQpp#2A\nTmʾ QqG#/);c*;n#Ih\\چ\nKUˁdFC(!7D9ʻaNsF澶,-d6ϕXꁬ NqѲ>ΟzŜG}gHLȾ+vf/O,5[YWAEC[JRn!p?\Z:(@;*dOvWE:Ync0ʾR8-T[h}C\r#|kѻLkS	ABŝkWisZ%_$+\0zw~tS{Z\rBVkJXF3`ū29cTuJSv[[4K;8UP[UK{;{cy.iJ%ݢ42!\'6 =eF}qxdf,8#~mOKy<\04[;sTu(\ZLeViZM)\Z#Xl(x.i }ft:(;֋fV-\r7?UvK?AK}Wp~{q.i2vY\0j<Ҋ\"LgX_u-	,,K;xHKnz7lus%*YʮЮk4\Z·z{)=rS?@m2\nLv[D8EI\"u6VS}ƢA4pj28{4s 1Lpl|~SIԔWj;gqRbLi\Zl)#K2c,Hݽ9AKMFNuE9Q*TV7RXɬ\\:?_ʌ\Zo\r䘒/-r\rp\ZZj\n<Y$pHdNV\0 )cPoVEgpnQvǸ&-t5)K\0m]hswe%saz~T	n&6\"Y\"E\nw;\ZաGV~͹N>T-%S$Tq4ܲlSs[P\\U\rB`pVǿZXHтXwIҦg)9e[\'ݴ4EURl4VEm{{ۘir<`$׮/\"w;19|y\Z5S#ʰcRMRfgglӶZ-a[ gtkJ\0;V:3˴7*P5i_GQ.Jj_IWCsd|&*t{\\rQ$\n鳵ɍryW+D\0lrJ£~\"1^i!(@\rWPg[bkĳ)cǙQRYnJc#遀\'cQ#9	}):;`>t2ؗLǅQ9w&()qy	oV?k5DlGim_\'au}Y[#1rv%n9\"Zj2GW;:k-67e`27z҄7I!7䷱@p^ʙ¡[FsOX#2SX?&LD.1Ra&Y\0ޫuZ2yNܪǯ+[;[a\\Y\ZOڋ\Z,[\'dV\n[KճgM\ZɘhO+ЪmTq^B]OzjGOa4|+G3\rJ\\vqq1^Cڥ\\;k3yGʏ,-O\"\rז`uCa.}MFwp]hB(ﭣcu$}Ƨi|GgPltaQP\0\0:\nD\\TgZViQCyi6ob,ҦL3pM=ms@w6l+=)6Z\\<+rFѺ\\Gx\Z,,-pW>Y~:LLHxmJM3cnn/SvJ彷LDv\"U#;$Pҋ\Z>nRpCc8 nN+Rh~y`^J =3HkM}ȇx)}3ԯbyqɌWώ*coH%2\\dg`\"YN^K6\'=\0[g}alodlm\rހ[GHg9\0r_#=m\"k\Zu\n<g Uba\Z<ZV\r)اxI%|i\"=<\\A\0S35\nv#jZgr|,6#bsڶM15Jm6E]1$`*%*(EӜt<,FP>Ufs+ar#X&fh%NcXT_THʋ,D=*M1ۧcnђ2>ʸpt;$3yqeFMr^ByfM\Z}a\0wj[~$R\Z^oh渂R~}$\0zc2o6	ZC[@]&	ކa}q$Ozn?:j_wI(*sیRŪ3OQ\\򁚏ꗖ Ӗ!7p7mU+ZE4`N郕&9;|HX7L0IGQE7Y9-粑<jS̨A;l6i$FOQKYra<!\'Ss$pVz\0C\n[#e*6Ǖo~nhkUJt].Wl4j=|ßTפy湚h@ziT\0JU&RDED}8Ruʹ)>ʉ	ȩ \Z\rz^&j߃CMKC0Jݏ6\0K(M|s&#Q}>\0.U[icD\0πǍTCxS\0=Le,g,j놽՞fUqˏ\n]$I\"@㙦<BҖ?l3IE	\Z>Ѱ\\;7R@hclK9w1Q?3WSpW,rsSkvm/ov2YA<ª\rXI3OB-ǖi/\\AN)W=\0?J&z>͂I[%A70Hty5uA;B2~\".-ZC<N9\"ciKm%Dcg+w5\ZьwJ-%/_0=M ](=rI=ԚGv݀YY\0z}TIH>(jӡInyFsM-`ԡDS&Ⱥ{Hc.EčI\nleF<VXY\"#*~tƲ!NE\Z*-R1ɺ<\r]]ǻxʦ116@DZ)%p9`y=/l- \\Dڌҷh1#sywM	;$@q\Zְ[ti:r}\0g8lbal`6r~z\"kE5hٜ:L=?w\'sQkG@8!ctRA)i6c\r\'jp_;.ب}&^րC𚔽*1\r\0~5^xUHpAߛ#~.ݚ!y/Re,~lBz>X\\Όݘ$q3?H=\Zj-l(Q[YL|b-RMCX-rUqByq}bS8*&48?Fg6!\Z<i/T%AP}ic\\dStˁOwLުXuF!PnʥOhOOèJG.U%j2l5kG42ȳ\0\'\"];?^u\0\0,:mݜKSXgѼr]2hxU)N?ޠsZ\"Lpmr\'>X<<\0n8Kښ%nDX2xV#JBP1SۖBRn9aú[۔oG7	TE[Kw.#݋$5m``Zn㧻RxcYݚ+ey;ċU8Ѹ̆{a\rjND|o[&ۦf-$gEGI\0e54=7tP~D,u)t2*R2D\"3;*.3d5;51rʪh&kۓxd͐6&Ig|fv\'\nMF9m(yF	UY	RqjƉӘsG7R*/i;5}~[B&;TX,ر9_B){&ڨk}\Zڷ56RVnGj3cxSfA\\@5jc֙2F[\'heܟ\0JH	\Zg	R]79-Ie	#Vx-kC0֓J`GM1Oh+G[y@Cv\\W:cK#v˞F|r{MG\r6t[6~389PvtI,ʞa\0,?lUZ}\\D2*XcQke­py܈:2q5 ,!uwrAc|qOzz\rlA2<++N[9mT˺\0H^_4Nhѵ}7USձ=y7\'qW-1e#bAa}uX彙^h_+7(uVkvv|YĬRfd$ry\'ߊ\"#5th\"e5hn	9VibYmI?_Oxm9ًHPkm.Zgnp;ZȞ`vhݧ+H2b;|L`;|EnI:Q\r=A(TmEboV6:ٶ?P%̤<j1Ɇ\0j=[g9mZ\\4y+1ωwr@*$h+=bt\Z+tm쬻5	B#!R\0ZgOrb6u*`ќ|=t3)Pc-5[	#rҽ-!?+DA\Zդ孠Y\"mgc<)1c#867Q%s,zC4عj1|pkd>oUW\r!8e d(-T1\ZmS__FA)Q1=l>tyfSiI:l*s܆e=vQSWv+# oAc\"->!j /=\r?bV/fB{n~dbmvAWEw8y9\0e#\']MK%)9cYmK,<Ml\0`qQ+\nɏl|kq&ݥU3U;6Iqڟf~\Z2{lHRH\'ν3N˞ֺ%\"`@ i}\nI=7	m \'G/i:s1@aqq4͵O\nȮ|k+|t^=nTQ}{7\\)4\"WM_6o\nfBO0\0*#P	$6ݣdpHVizZ:F[AB2$~\0\n^}v{k.l%.+<?	V95	CtN|zDtk!ӴAn_oί?ҹ\ZMEE= ?9;\Z\'EyqvI$\n7aF|Wj4gWgh\\t|\0>]iC\'2r}\\GKmrmF[Fo։\rϪBF1z\r3X&:6~wkoUxVCDFeb2;w{+5loT\"+v^RPO\\Aa5dv!5Pu4xg.A yQ*ԵP70m{MY(F?iS|:ȺMz7u퐉]@cim/BTNV݅ٞS];*w@Qo\rZo{ur.c/!%[\0{kÖY3r\0rf?VC양\'To>V/.,H5 Y8z`/F#Zӯ}bxZfϕz0|.e8е[,!+~xf@ KVgZMh-UF\0N!MN?r^[O	MzӲEZHj)BCeo\n?XHKGao(q8dW~v;\n^<3$*Nq}}Z`*)wmļ$eьaٌ\0N.{mC⿔#OL2kR6G3u9aZ\nhzև4p	\rՃ&as<Q9+0dD6ֱm[ƚop{𻒣xF<ӯGN[5WOMqD\'hy\09M]0]A/$\rT#Bz᷸uW^bGjrj,%Ke9,+Rg.ya\r~4+.,Mf#d\'+{N%+ Ӆ:dӔvH5w5(Bw&Y\0LQ\n8մ]$E)T~b\ZƵ~j\\;v˳z3zKr~\rc_wz~<zKR4-J˖5\n	\rVke΅z-u\r!ac,͞W?nY嶯we<ڝz%1HN`ꉜa},2;ΣxJ1nMWAx8O35\0&}v%l}^v%kɚnMwZmr?ZA)Ymv}15WKmUomTۦ	kpݯdlKBheUc8 xHnm煣\0<U~uK=\\`#gg\'bKHaTMxIq\'A\'aP7φ*wA\r?T&=.\'t\\U#v*\rפ.eQb)!XU7ۭΩ\'dvhGz0a[Ol83&J$Z@qTug,VWpEdvxyg\0Z0VE@Q|ضϰ\n~ ~umzHA6[py\\r&YJ\"iIj%\nYc$	9,~[;h+e]1ӕ,a>lz$+ʘLx?J.-{):9\n|k|:qbXWlt.їvY_F:u\rI/-3nr]>ݫ\\߰HO70EO:K4vq0ϻ5ڥ䯲[k[ِH!H9ڂ}#z0!RԽI4\'?l\n\0x=ۋ`f?01\"!]4b7^ZYE%n\'p;2I8Lx{HPx$.9Ȍe-.G2sH\Zp[i_`{\0u4QpWꏖ4K}Ja1|+e|anV+1tfqNiXۜ @@_o]緌FF@;gl۴hUaVdVi\0y#6	֮kng9.$e{̇Z;j6+u>:Y\\XwP\\ivfU{y7w~dUT̓qSƜQ.{=<(ccHⅣ]XjHĒO*wVi!֚j¶/,lN;>Rfs3\r*\"fVEq!`v^c[{jH.g8ǐ;~ii2sV@ۆn*%RF9%D0?\n>\r/Q*I	d#o=p-Ώ6Z]>C	ꟲ~X+fe[Me;V<\Z֍vr$#W$mtQvPs0oVHnV^~ѲGj\0~ \ZRW8C4Kjԣ IRH9*AأIU#k& 3[\0ge=gw]&:G:,6#6?gdK ]<l<8=_Wkpx$JqyS\"-8RP#X72FcQjK[m= @݈b7=Onٯ2\0:^-V6h#\'\'YƑ)=̚n-{i&Hq!XwƧ7kG=zjj\\9,#W?:	q\\įSh>w\r@j_,̝c(P^y]>fEndRN:ZG]^=].eK\\v>u}65-b=\\FCWd?c*3\rrawڜ$,ehnpyx+Wq-[I%<%Tm.haXml @ԍr+ip\r,/	sa\nE\Z]Q`I90py,֩tgկ\\D}Kl4Zĳ|M\Zw7ApK:+nvKX@ƛCNR% eIQlܶHf!fY	\\sd(\'|xMq/>{sI\0Rꟈ0\08!\Z\"*~\"[P\rZ&	\0;Н@ZJ$Vc9v`	\0|I5chQ퉲IyZ3 >*@_*({O%BsEIˣi޲`rF:Q$\n=V{{8\'Gn0LEJ&@8 NA+2j\0L-B9MEf \"<ab||w-P;GH=X?9 nC}-;Ȋe[o}/hIczRi>9\\Sg,5&HQ@jTK[$ 65U7[gb*+UG\'E8OlLY/&@=c_\0z~FLx\0k]\"w+(؃嗳;bM\\[?\Zꄂ\n<\0R^0EZ1_N:GZ^S?\0\Zkg^]Z<S7GHնckiv@ȭ$j)m?{4o˵U?5eď[9$Bc[q,1{#a~nT?ZtI?f\0-$\0 /fHg?^:$ZW.İnkB?cZmz61\0-:d5]*[fJym|/8Wh43ӑOξ<77j=]O}ی;?h;4Ǜk>،W3Kmg$90ǅ$us4wYJ,c&x7>@\'?џxDL}8;0ubqth\0\0i^Բef%X80D>N\'^zUOOc~iJcy@1?l\nupZa`ݏ\\{I~i%BVR\ZE<H*49v:[D)Pz9#!<dqҫDv6NAw==\"Y].mk&Xh3NKqu4#h!iGU$lʝ5ؽ8$܀e]J}w-D>@\0*m>U{oA:ޢbPt(h\n0Ho|_}]{@.֒ä<q6\0NU<&Rc5i\n~R9Ar`\'s^#[MqdxΩ\0aM]N<MmwM,q$`\n u=Jgbl(CG)Y^1j_\rVX{3lJrdVz4u>e$Zėr;DB?UZ_zBͮ$$_gqq:D,m,8_\r诨Giz:~~g .Z.8\"^<YU0+4b8L!ȥf.R$~97 \'{AyolEz*:m#^q?zX-aڟI4qh<Gzwn!.W~\\Jx1|x`:cUV(B%\0ުmmgWrϋ89K~S\r}p\nv5=SOIO*)π=Z+k[;>34G*$I̒c>$񢇹\\9iPXl)냟w\r\0B+\ZLMK[a	ײlV\'? h\Z?>.H7s~<3xp+\0Qwk*G$.dڄqW}ouvܖpGP{֑\nkϫz%jr9^l~0E=:A^XrOxqw0ٮ͇cGN-4M)Nՙr)>taKLBTMKTFs1.>Y(D;FT&)b_m4LĶ6Gjq͌3+98A><;U=\'3}rb;RmWlC}\"sC:r))Ԩq4㘁Ikqs(I/[8QN&\ZF\n,)X#򩶺M?<yFMkWs_iI-JTg<8*p39RO`H4\r^~@yQ\'ZS9g)\"ˁ85o曵Cr%`5}kiԴl_RȂu\\v5YzM<Gcq鏦\"+KsIr6@>-8s`\"5\rcA24Ӯt\'ZAmy6g^\\`_mGka>R==ce_=6ߣ.Ғ=+EN <H>׽.:VkBt:>Os7ԧK%@9~bS\'jzTMgooCd\n~.yixR\"CƠ^؇\rPvLA\05pf@GV\0ZD=:3E\0Q?iDwq\rA{ig$\Z}fE9*qլ\ZK8`9[|I1R44x[E^HiVb$\rl7^ӵ}b\Z._[-F\09m(B\rj[~!B7>T`!9ޘӽ!iV\'?ǣOLB`w:6\0Er8kmeGFtOP\'(uEzLm\"w1RFG46	cOt]OьG\\Aw3v.I\0\0\Z?hw:u+ܱı\'\0lyyڒv\rQꁯ?gjR[YN}jq5KƳu\0jlgr\'9ڛ/zo>T;)ӑ!Ogq.sj:S$rޖ!۶~G΍3Ǉ93f~WG丌~G|GQkޕFvyy[]t+AG6Pqk#Կ2iwM[~-z{+!gzՆ?jYu\0񎯑>rf&qTrqtKVv,~Wޥ釂̇cmդ?01]GFQf{vãL\Z2k[H9*iTz+^C_ӷjJimeFêvǽj<M꡽wWOT!O`S3H@ʌ?|Pph9+8%Nx\\Uͷ[$Ep<zUEь7ѳi7I8YA9?)fgy&ObZ,$Ohؖ~Ҟ9ceWyڤ֓1HIP?*o~/}-e\0hGV-ST\'%*?Z񖓭^$[%b\0=3Y{0m\\z&<n\r\\Iآ\"&8N=?/t:~\0C\09sG4:F2GJR^	8wU\rxXa10d`|cZEhj_EJL`M|dgђbK˺\\I9=0*?Oe^SKd2ե9nA ѴT\r0%@8=N;Smbc==(2M^i1dwsԭ7ҟhRۉI#<w:6rcۑo\0pq57}A/QammzFQ7j6-=W_Ҧ\'.P3N6p٭mz.e2HܚM\"&%tb?{]8I;d9ՖF7?ZqNq4:Μ hjN\'Y+ҢI~5Y3Пv)״T\\j\nKʚū$sA2hVF/:e]kec7ސkN;5TD٩ \"kfK5ߜ\'#J6۩(9BȢ ۧ,gl9<=Fzr=2ޥA[ëZ_ilU^~y`kQ_V+`#BISvIߋǻKOuQzvaK6hG]DPhfMD#hKǉ:$^{~>>Q+w5有4iIUD㔍=jYsDAJi#*e`rӊs\'<lJp)\'/b1@m)vj@)֣;=i\'HzhhJ9J`uM&2cRW٦*M+\0mfE 2\Zu\'8&\n~DPlRKG\nI>U1\\*\r&[\"EpB#\0oOގi{F*r^[3٣WrT3\n[hLȪ8*J+\Z<Ӽ|\"d	dF#3Q]Ydˁ\0) \Z\"Na+QmnǺr*7dcN1U!|QA~-a2qWVvy1%]!ǎel䢃	4Imܙ-ecݩoKoI\r>5n\n02(5%0 v)8W@\02K5xbu\0er^c/yUI`NFb10+Dݨ\"T;Y2&YG6\0z)< 2])А.1\ZAҟ877}qmV=i\'8:a5qqI8$bH_5;v䙇iC\\֛M}oQ\rW5$3oP9V#eC6k+w;3Rtׅ)NP2LmJ~S(piy4+::4\0qwR9]->Q;⽜mH${E\'?\Z\06OZA9^lW8g;WԠ=X1cinsP!2\r1[M4Ha(:Mdb$E!E]52pqT}f;Ҡ	QfgWgShU{!W;cmT\0Krtm$G.G1?\nq>\0:`NN\0RZF$j(\ZgH\nq#jsy\0]+ڴ Kj+͎r?C9cm4љնcim\0W 2#67޿M۔$Dʎ򡆙\'ʛ.GѴeG 9ǆ+UabH\'jrNE:}Wd`\n|Bsފ*=[=3H Ҏi7]4̇iCIߥs;Rj7J@j6\0ֽh6.Z-*][;>Q)A\'wu1VZspZoaY-?\"?U[@5p\rQVqhHmul}Ɍv+\ZŽ5hiXԳ?sZ(\0kkf\r&7b3:IsI4ո~\rFn]]1$C <)Ǝf2ү,Lm:0CcN\'ʂlg.Z\0r,IBkcwzv%oihc-UZ9T^QgqsIc}B[QBCn<.PN=\r\0\Z8GzzghHk2GF|/\\}ls\Z~Ѯ хݞQًZ~\\`M\0\'\0цcɦjR<Ao]Gt$7x x{)6hMEA;>_`9yyy<s`:uqW1\nh{\r4z؄?E͎oō#Yɫ]zH=NCbaeq)	h\0|u\0<&w,:0UTq۠)>оEebDGmscYŖzi0\r\"[5~29\01ese\Zw:uZ\r>AR_A/\\gv	O^W(SnSZ[I,rh [l8\ZGxۥEtZ4z0oy3gE\0$[9ڹ1VLGNFaeEQM8t a9á9teꍢs(Q!`yoÔx\0,JRQg\r]vzAwq8AR2\'[e|kzYF#<ǆ)\0\0tlm+w|yY\\ґqCrsJI8:tU#K]z3!y~#ָЏsWARkMx\nB;W3\\$ҁ4w*G#)\0{>8	c\0PifR\0Ǖ1[HFĎ\\k49U@4HXlSY0b~qMc>t(|\0gd1M5b`wռS.=8#8pki9]*u`3g˥qGwiy5֓\'i	ňzrIqI\"Hݫ*0?'),(18,'Kertas Biru','RIM',0,'kjshdfksjfsdf',NULL,0,0,12500,'\0JFIF\0\0\0\0\0\0\0C\0		\n\r\Z\Z $.\' \",#(7),01444\'9=82<.342\0C			\r\r2!!22222222222222222222222222222222222222222222222222\0\"\0\0\0\0\0\0\0\0\0\0\0\0	\n\0\0\0\0}\0!1AQa\"q2#BR$3br	\n\Z%&\'()*456789:CDEFGHIJSTUVWXYZcdefghijstuvwxyz\0\0\0\0\0\0\0\0	\n\0\0\0w\0!1AQaq\"2B	#3Rbr\n$4%\Z&\'()*56789:CDEFGHIJSTUVWXYZcdefghijstuvwxyz\0\0\0?\0yz5DD?:H\0z0$Cy^<7`?J,+ Ͻvx	\0?Yw:Z\0r#T^ԖARI,@fY\"@[;X\"?ΥI\"#T<ZqA@#^{\"*=?R2$wqU)\03ALܟAQͩvЖE?f^>#\0GRG[en3ޡf{bHmԎI+?T?#R\\aK/Pdl\0Vʡ~,ou?C&r}E\0DBZTazJGʠ](Ib|~?j+܏k>!E ;R_]zbn!޷&-8V,1HT+V2xX\0ֶ̫]-<ܕW^$\0~r[o;.k_,ӑW#skjX/[\ZG0(Fbn;VβFk˟Zr j sT.%dmWH{rݓqec$\nRYn,nV\ZҔaA?k:	RqҥqȤ\0MTڛG LqG>vj<\\\np4ǽ#`Hb0sL;T#\0o~(0Uf@\ZMnȠ+d~4s*r~4E\0\06ϛ.=M>Ɂ\0ZFk{#\0I][M,BrNxdm1\0һH\"f#B>\rgX#|])L)wM\Zl	$NZ*y^}t-t:)%V Mn)4wOϥ[r5;.ۈ8j!sW\06zM1`iMﶥQL*dv۠8 *rr=9S+\0:b+)qudc1\0\n\0~lwǱ\0ЅpdrZ{fu(B\\T\'wmێ<WvKv\'{\nȼQK `:sTu=Lڦ՗-duU3G\nv2scQtk{eOT0ؼ}hC$\0\0Ylҭ\"R1mv&¡#ZG\0B#YZB*51*/[	e4@L$?#RB?xS>$V:݇$-즛&u\r<Xp$Z)B\\g#+ݑ#4Qj[vM9#݃T ٜqGSdJFǸr@c9搟\0jp0ySq+f PJdV\0@1J\0Q}x##4{ʯSJ<\" L#A RhGzv8#ڀE)`)v\Z1J=hF=MGIM$)}o[>&ZpԞj#,K-fc5xwǚE(IVEw_ky~\05=3^*TTΆo^^{Nn*-t	;ZEXEhˌ=k}/ ;	)\rd[@p>HY(65V˟FSEt@?:q,O\nS7\0?Δ+z^(]9<Sob[OnC瑞Ed%;v皡=V\"*]1fnh$^gՑw;1K3j^^\r\r֮Xk5j)nF\\y1y	{VY_W `z!\\?5yo]ǯ!_V=rߧ+s \0h*pcmm\0֤0|7JamI0M~jVb	esġ9o֮BBZry>fgdrLYT8QMbG9;\Z9u0V+=,/!\"$m`ALQ.irZ-Ej$Rh@@֘w`EWDˁе]2b^s&ܖ<T |Ѩjq(\'$u4o\"!^<Ԭ8qLNƄʹmj&CX~TY^4lJVev7SϭB\'oj^X88Ȋ(Pz6f6c<݌v0c:Ѵԫ60{uҁXHTzlvi5lڀSNAh4zqXZ\'\r4M&;҃\\S)1.նQOc\0U%|9#ڡR9ٚEQ׌&9q\0/K-I(1PMmؔ>@\0M^\Z\rN^erQXyI?CUdl`yRtXsm3#Ё\\J74=÷	amkr2t9G1~uվ5㞹EݨXqq	*Ǒ\ZY7xF1oT<TW\n\r1o8,j\0+_PO|(P&s\\ꄯn4/Ň`tq9B9cQ>fSJk$9ڶTLlRʌMҬrNsqZeq۸# e>J:[a^@SFZr#QLD+p29Qr~f^j\r2Hjpsb\0#зf{\n|p8\0c51֭EDpIV቙3NVߜM׊g!V}ƩfyX8y\'&UB 0BɴqQ\ny⪣=,5mvzJ1JoH gxN)dҺ4ƨUG֠+\Zv|u!}i@b# GnSqI$S\\i6oJԅr}\0W*yAL`co4E\r\0Tu޿+b0?}FNzz/(P94beZ@TkwN^}NYH:,hp\0`.m\0kTG\n\r2?[۷x0h\ZPZՇ3YInLkwrܟi++q❐jym$hr0+v?Pk*SA=\r̹9<XG?Z-ɲE*}Aɤ+\\R\nHc<g00AqXS7gқINrw\'ugM~dl,}O5AycQMt}+E3l,drT!<U2y\n3>[ⴱ$Z\Zơm2,q	XNc!{/mظM}+\Zdse\'?\nv?Fqin{d)@_|dVHgnU>\Z;7J|KKoʹ;/##V}5Hpp}wzezq?pqX#76!\0\n<6~xhxNORnV6}=qWUQ2ʱxU$W%g,4*:C.T9,0^qޡl2oOZЂH8L汖Ykٙx╲$a09\'6z\n\'ͣ4\'?dǩ_\"ꄒnqs\0֬m{\"irH8\0RV?vd=H#FWvDZ;\r!裭QK<동n­Ae\ZHzu ?PbH!8BH㞸%GC\nQ2c\05%wyjc~iUU㞔qHBZʥW4Q݅\0zDFȦc=āCsPCSLL9flT@=iH	⋀݇2i!qi<r3ހ+A*Qf%53˟XӒ{4lS@Z4[Gʧtq(g`\0?\r.psM\\Ummc*(rM|6 R$X/לB*b.Y0H\'Zmi33P}v^ST#=jI.2{(P:\\$Q4Ȓ1}\Z+bnTdѫ̊gY\rz:F@qX\"{g<JXK\\sqR(F8*A\ZczT(;Qm\0QoJ.V,2X.\0P~xHg500Pڥۯ \ZPLgG\'\0TngWm\"o/cYq<oGua3\\oEP{zl\'IEctm{>ʟ2ݹYcZqfsIկ|>ߺӕEV-SBIP}kկlǓ-?<M?OJ.3[N7\ZmԽPǈ$8\0h`Ԧ)`sTRbX})v\\q=x>1pԦQ>⋊e}휀A3Do9Zq`@(ð3kcϵm\'kCxGC\\;kpLp	_cV5CEcQ)\"NKe.U:+.+81$/uXmre|G#+BWmJ61cڄuzKkti$5mH<z@JA0\'h?ZOza9Q	\0h!;m}}iH3dF8҇P1ޝn8;;Gg;i(O~h\\H9-v4M>]eQ\'U94q\">vmaUI>c8=LF09#)l`qLDѣ9\n$ܵɍPqY:|yvEϭmĻG4y<uҦ\n}}6c Rh?(h)VF#-HJzȍHRƷm*3Қ\Z%H9?ʚŤa倧[}(銫	祴pW2w4B#=W+%$dk:D8ڃ3ElI+aA\'kFTg?,SKo$1YFdorzzRd`~̕?٭Νc/O0#zb1A0\0iLc\nq@xR)R[Ε$QOhy5sؑh-&㹩$[z\nc\n3TN>id$[Ԯd#!>֖DKcSס%fӪwBgZs.k[3g#5Kx6OX+S,lr ½S\n\"Ze.l\\U5Q4B&eW=ja2jqʩ9I)\ncɧ.@,RXȉ7iֻ!\Z!?14Bg<usQ88RO]õoYyQMe\\hs,qPiw&J[Y<W\raQlX$>inS{U!<`E2\0\n rzf$m\0pF~i~BQq4qFV 9ǭ;Eʩ<\0S)$8<`\0NH+5LQـ$gޣq=n\0lr)ˍs͠HU7ޓ?a!aH7/s@	\0x3sR{c4\0G@X\0gdVz4\\(X%!B;T8^N*sjC`Yetucڝ1lY=ocSAߒ{\Z܎ݵ(8_#c=B$sTW%1$FNA3zU;8YH@x`h-\"qr-kZ\0TS%qTƜg:1j_0LHMuFaM)G=habŪgI\"x\0\r#5pV$wYɕ~γZLWll>Rzok̯K\n!9H+\"P9Wn(+;yD1S.Ns;;poĊ9Dֲ,,lWKXrU>7%#_0\n~$-@g0t#kZZHꎸ[o3q#cj}kT1<#ԵDS↟+;f}`qR}eQ& Ѥl#:u89j|y+?C!kSn0[)\n.\0Ztg(9;WC*x*u`<M1DrMQ5z|U湌)-ݎ$\0ElTn y}})2y+1ʪ*.sI~~MdX-nO}kH6	Ǖ`3NN;WSЗV5\riqd$Xe^]p}C;*L,y힕Ly\\ւ (¤\0;{w4Ѳx={T,#?1N[x@ǫ썹UH\0CE72&0hKq+~P0&~]jUHXen\n xEyX=i\043)hIw1\\k[@/oe?,)9V$!o%pi݆FqLl^qZiAx7};UW61\"FR\\ҕXM[2AG>XA8q[\08ElI4Y7WbT\0\Z%k7߻D6\\=;3Z,q1\'ޥ=M$aqZ\0U;^1W\0;+߳ddޫ.TgqJ%m~4dfΡ-кd&ĶI붫lT{tn:֒F2ǭ.pe9\\}ӵ\r#F)<RcQTyjegw%nkghrpҐ߽q;E*{Uz 8q֌Ne(zU<qJ=z\\g9d5rĠb1\05cFՎސjdt<\Z8laPK;4=]G #GRPr+_fec.pS]ƳEg2u]`ts+\\Pwъ9r<7\'(H?yl͹V`e>s)S^wfśz罖w]^dR~coL3ɳk#gw l4hޘy&t^BbM0ւG\"KrL7ige{q0SVM3圚\\\0V)4;PږsV_\"8RÊ[+9`\":;wcVMsZ!F+lCi4Gi%KqڦD6ɳy-HjLw\\VEvHjqfU#4\0Yܲ@BHc~9\nFJGlq2UUʌ2}	\'p;aO8|q*.)	9(7LXm8\nH`Νimo\\tv$\nc8#b-%mX\\\rk(\\/^د:I	#s[xK{_/0;i܈mL¡w6XZ#ݫO(\nұlrI|=\r`͋$݌֔xQTm1Z+u6m8ϵi!%Oү	JE_c#=j\0=똵}=-wj$ZL	UcK9ȁ#PIqv֥d#WV}	T53n( J\'Yrz͵ʂ\'V>Vp9ܧԹ\\xj05R9ЗqRMrY:*0>R0CtA09Հf?ųzУ+dI;\" wV2*pGSJ#JOJb:\"ƸӋQP8ӿv3d1k$$Dt=&%2[1*<(|8h,|c\r!ffc	qGCv߲=Gmnd|,ܹ03*\"F>9K|^j\ZXvIfEbE {rj\"$Eo7pn]#ʫr\Zx1v,{S;|?5<.9qn.c/QqX~2ELcAƪЍqQPiX9\'Ep,aޜ{	*?\0p8iv\Zvp&HJICϸ5CÖ~lbf@#`$5Z\\QѧIɜeW(W,p)CyoJ,\'UJ\0p\rM\".8)IYkpwp3A\'4ʉ#JbbǭH\\Nz\ZM=O=SHt=q \'OSL 28$\0AR@R\'!t\nI\"<,SoǭY184\nigB,N\0]n}cTV7k|aG_zԙM#>Ɨ:<)\nχ:rǘa$\0A^HȪw{:.˴l3l$5upw.Fju]=.孑|gnkE	k$&U\n2	sV5\\<,KFoR \\(Y?jЊn>EDgEi5!ZV7j@RM4e{wѡCN5O)O#emٷ,ynR]0^j=>y>i@ݓZ\rVqG2WZJXMe[ZZ%-\"Fv85rxn@o\\(\\3*\'v.Jáz/OJq՘`qM0z(Ș!4A$j`0?BsGe`	ӂ\0z$@@m>zn8ǷZ@2jR\\\0uy5s\r\0Ēw fm0\\]Qm%d =\0~52ˊ!]R_EHz1XkS{HNi[$oΔIݒUl|ϨFR\'}\rYz1KW`1j֞*)7Ni\0ŁޕPҔ\nHARm&\\Uv/ 3TzRXĀzOS9!O.y$~鄌Z(IG][-wP2~<-\0	6%M>Q<Z(\0\\*]eϿzc\'zq<J-\'Pӯbhrч=\0l\rۘo_Aexb>C^Uqi5ʛdCu9Rpj*p:c3`-@w`	#\"P$c>io灞օ3#ڇ>\0[;zg@QFI4_ǥzNm~;ǕPs>֩+݊ZërhӗOA]7,cIߚ\rY/ӽ?85aDC^+\\Iw4Qkɾ7\rV!qk_K[o!x؊h|Yyܩf]u|ߥr?Rջq9ąO$ۭPHjܨ XcRYr\"$v5;~P(ÃJ:lW`=Z(k;AQrEg\"$NjasV<\n=k-ΤX>3TweYR6sֲ\"\nv\'c]52ȥءiT`\Zkz֔\'[v40ޛmtDo韥sRCx/=)I;h5}KQI9UۓSC	d\\*eI\\AmTr¹rS_<}UEv!@%ctY|Bnaɩ^7ApwwSY@;83$Jqc7bz.AD+ڢxE#>K<~_IYFeێy&}By-4m 7Kzj#JSqVd=ĳ49qaRyQ?#}c4y(Ϛd(pO?ϋn2\Zaygh?\ZX\"\'m40(<S8?\"Q9]ʶ>$i~ie|zJ7aIASL0bo\Zkw2Ң3sSVt2}FL\"<ҞAQ)HA4k/n\0*~a^XAeh%aQ}k죵@Bօ֨/~¼ڕdz*q.ɹV،@N?o7㸮#:\\4Փ\0ц5x\"Wp⵵ػCdEĠ?(?Zno\ZsǰUf\"W=AԢrjG8ŃZB8љ2+**H_2Sy`	yb[{Sq<P¹(רxw1\'\nl\nѬGT3vtQի!@\"Һiڳkk!\"P\0}j:R\n:\Z^[?t˖anx\'8BkZ糈ŝʑI2]KU;ƺSؔ}3S\0]zDE\nD1+YV궋c^[(		OO#V.mp!9*JW=N{9A0)8sS?|8ir^1Mh[水c?Zp9ކml\'+=3R_[Ɵq$Г2UkYG!Co8.ގkY-kG*7ﱆ &vb^3˷V5wIe#;.OzMhG>^4y}SPeQROJ=ro[yL5xἚd2j:K<𑗌SL_CbNM=\\EJѶ)#2If\ZT\'\0~&NO/<8OSENCN\\|`aݴrw8Z:\ZE{Uk7ݞ;bD8Ҏf!Cp*U#vBi]\'a?\\x}IIf\ns?Bw!Ӹ=4\\,OX\0?҈ZQ\n<>>oҕŢagj6hG#{n)W$rHÙ>Lfb{,H#8t/rwMGEjPFhJ1tKpvquZF aVP*c#>,bNy+էB4ֆ])HSBjkHȄuU\ZHBv\rQJvاci\riP0ǵp~#o5k[\"83Koi3]%ϖ\\+mmi\'2 skzKNiH C\0{\n+6KGaS(5Ҩe\"+JxQT`BI=1=X?qENȌ	VCm\nrc0hp}{ڬ_kX߅3US^C5>𪦒^g0afg9rͭík<36<\0bG\"	t:g4EȄWR9`]+bn5veb\0JmLAʍZſĒ>݅	{YLQߓU$[g*0@~;YcA8?jYi*OF+IYf[i]5讗ڌʤm\rcGW氮ؒe,N{\n_d}eI.3\ZZ	Jn˘ }PqGq\\`cp08?ưpksEk8;fW#Pxfpv\rzsW,u	#ַ%8hi35xMMd\\֣7QJsx\'xb،\02j.UZ[h81=s]ǧ\\DXN@S}VsIL?o~1N»Ʋl0 \n..{&W!Y8cѪe{wdFxm.Pe pvlW;{,辰BGv#_s9Vxg4hu[=Nw ±9e$ki0KvI=2\r|v8(ظJ9A#$)!\0HR*_xH?i`.,zP#%˯\'85g}!1Y ,;TpCfQiyPgb!iON}鈜j1mJL>szzZe!DMX7Ҟz`zTʋpA1bo-azի[%gS\'b\ZH|=+\n%Xo$W	2rgQ 9jugbB5f)22ksZ9sҭĝk2@R,O TOj/a{L55*]lWɆ0KXO&%ES׊S<T4dAPxN\0F>\ZR1yRT#2M\ZҦl!?gVRG\0+n\\fag>q$#RX㻚[mr${u<_?:ezzW:Dw7GJ -\0\0sMrue0̬;gx &\\#R2QZ٥D<2\\-&(1}+gǑĩQ6B\0avIV!Ū5eY8WǚA1+\0FU㊘A#?\ZsX?%N+Jn	5_wi5nñ-($WlsqredEnD\'8#.X#`㿽\'.ǘM+\"t$05֨>Y\\)l3ң6Ҵj2(LT\rlQBޯMrEF\n;]Ѣ[|Iu.77T؉JƮm\Z[Ep}+PwtN	~@2Ʊ\\pty3~\r1$h@>q[v<Ʈ[k7Vr\\TmvΫ\"2:R0AE|#+\00M̈zzMb#uRk\r[âz{PvgήB6Ml8ZB.Az{.i<і~5vqҚ8@u1S4&qbF-\Z?M\'qO\n\\\'\0f>Q!\\d\nadErGD	bD{*X,M܎e(]!v</h[6T?Z|8&N:?{0;jbv:[W[/>e!]Mrl%SNJ|tx+&7->}n\0b`\nn©VcҍEҍ7&)QWf/B{Էzfg6>UƸ+\ZNr-Xq\"%	LWW==]txੌ^~+x\\>LO=һAns#BH#=bEv{W@R2qJ-cǖb>stUʢ@1:TPUa3 bA5 i:dyXWQF:,1G8XqV)[6Lu+a\nK9k/ٯA$p3rZtd\r,bE4nn4@%\0jO\ZIc=@Szsod0ރwD6;Wkj_NH\0e;a%[dST$mCe]jͮAj1Gxg@?\'#Y9\"j\\Y>9ߝLSNZVUܛwcjYa,HҡX3Z4@G$dUMJJ$jԳ2fJvUl20z\Z4g[\0W\\z聹=z⼺]3J7Hޔg6GXб<QjK\rD7mMo+^9akx0cjr*FUQH裵Lb]ҳmCm,p4lfH~ZJF1ݚrzøѮ-i\0CKX9JIj\rɊU؇^55jzðvz+R)?º;;DX>{׈4jT&8!s<W=~\"q^gNaQ\0Z񛹘aGOb֦15Njl\0S\0d PiP-m c\"?Zd1pȦi1\rks4[Gnz`;PZg$֜Qy`qch^6\0~A]nEb萞XjFksl뤔zƝYɐ:Uk]XMCzW:Jid͐ιus_bv\nуG`jڳ,m@=R\nhS/pSl5g$3`ZҢȏI${һVFFuc3^\\q^piYϚr>u+6\0}kA%sTnVJzҬV u\'&֐D#zUxۦ|z%3[ܨA\\Bd#9kxЃ\\ι+ݹcR;s9>9E\0iv2Gz\\#Vb$=kѬg?-z/>5ې$頴ɈB]⭭ADP*?n9)y9)i,K|{F}\0!sjHΑD2e\0(jxB͒=JJ\0*94&&q::mۇ2ǃ+1mv5k k$YBJs4zο2aSRHln256o3Gt\0\\<1o ;eZۙn#w,\Z<b?0l	LF ,Fq$;XxDh+>mHh-ڻKoX1|X=\0\n\0HUJiRJ298c{봶Y^iwcXl#[DO\'g\"ĥyǠId3nJ.fkRGg.Mq0fʔ*yiHmM89PhśbUV 4|\rV{J#0`pV~II^5vcQyٚi&I!֬0α[oe\0=A涭ܹ	Io;{SԎG4K0E{k\n\ZVMgG+;_|*6c_Qkv5WVDc qu4[Brwx	![^UwN+ߜ1wSmm-s5\'+=*cRAUsO*Lxf߽M5\rojRJ ެ$,ՋmDqȫ[s\0iHJsR&\ZՆH]]+8Ѭ`+6Ը=+*?\nFGiFk)JX#yKןAUIvbOSW71fTB>jQL+o;G+q,̧i/;_S^WqquxOqmxه.\"Ea46di=E^)yt6U㱯U+ly\rY#ĉʑ\'Cahۜp\'szjIF@Qɮ*X+	1:WOJE>v9ߏ\0^h3JRu7F@\0S&Lzj!{|i+=/mr%$WTͅd=5\ZUԐ\\J%dˌÃ/\rBṒ-չZ-sΕRBHe̙\0xWڅuƵ&\'R#9u]:5 {vшI\"BƼXUS#t#\0O쎇TPY=~UG_jMU\'\\`)$oJcZ)\n-bCg02H5^*Sezň^W ep!F)X^˳=\"J:5ҋh<c[11隹._ՙbx5,ss\\$zUYXL3*2v&UnoeB&{7rO4?v3ZODdɻˌT$mA[>~f&Kei$e5?t;;]z0#=>1g1hɜY>[eY7IQȮD>\rͣO	HqM3W{@Wj\ZIA񞿅QԼ?tyF;k%jI>ÚRqkCmtL\\.pRq\\f6\'/0<F}t־6!\0vA~5qBz⇸lC&zsU..nyQ\')Kgh|ˏj鬴kH2IçZƴn!</q\\oiVZ($1Jr?Qר\nM|+۸<T]0Rm$&GQҦO	\\⧂n9UOy5v72|-o&]ߍt\"\'nsT|/g`6ߞƺKXij_n5օ;o.\0׮%&MْE_Ury\\6OI:{U);1sP={W;6@XSaU#Gp/ˊEOsB&Iv0)ʛE4;7-`0E+1GDWd{](u!p~:5*NOe~Z}:d\nAl2ɓ)AmlYyA;{А.\'b;R2	0>ث	9+~g*U9=~)~J-Lh!0>dW9Y	fK1n9euqv#G\0J0ЀiiyMь2AW5fݒfn8i8E+&QYeιLzӋǜڷ\n{mV;ϧ5pc*Rct	ݐEjCz09TMӚGanmnGr0r95mo|ԇcJf_\\ԂOqVk[:\ZoK|Dc5.ez:m.lRF?\Zk@*($s6\Z2}jEY9e;vFpEMj(F~c8\0קSЃTYeaS(hT%gfm6{M$\0CIl܎=G05gӮ\0>V?ľ=kg+NȫAI^\'cjiO0$k>%h].HL{Q+V\"Y7%7rZBZInq8vCsTe0»;6^7gVZlK/ٳm<u{Z\0u>\njv=̞\ZEQRGd~44ϧt>\'զKPHI\'٤ګվS%TVf\'9-ҴFqls:m=O0{3_^|%Hⶼ%VBJ˻{bd#89\"Vvh6ky|9qa>KhE{EJN:|WNv=\r[OSЎ ->2~, FxR@$r0y0S\0֬%jZlL,P9[Fװؠۊ{2\'\nmM2\0Q\"s*̀Y@G4&;<RZjַ{[zƤbN|G*?D.4\0;NKkѧiMyuIrT~ffȑ?NmQ&Ny*ZFkZ+{ՖtT`K68{ՅVnq@ƱHNA+Pqb;=V]\Z1fnO1[1W\0.zvZ-*5d\'5~}˩3Ц24qgZlfa0`}(Sn:T<&=Sd[k+AkȌw1Gk%rw<vY?ƺjCF7S>L+	|!r\rB&#\rzא\0jdphðȍvc)bGCSz\r%)<-:c\'˚H$\'W*\Zmh5QtGz5.u!UUq՛Eso=jhX?Bl\n}h`&+4Zh<ք\Zknoi1N	yWQntwqQr;q_MmsݱXp?_@`VrWnn9Qkqf4=Z05L:lZ!۸Bw~hΓNVrKV\'+^i@@tvZ38\'~fm\rջ2+\Z𭵌іe\'<y)َjI&bqV1V%dQXМեc6K3)\\;*kK	$A)*ĎW<RT1xn=j+:\"r\'e\' O;;wZC!N(ݏa^iPha9,ҞJ:[\n ID-qSw5Q#^q>1`˜yL&(s+\r)0H}ѭ.Nvv5CfIH\0\Zֱ0ʠ,#LwM16مb	$\\NȽKJ<l\n8\"*sbӕyO#<Qb[)\\?>/atW\\\'XD)CPzk<oP	*rk99z{N~ab%qbXcj[⨉dR~c#O3wSDkP-Sď8Frh9/Ҙ$dY0\rD=;Զ4t6QXm^?+Hr~u4\rᶎyDz&FxWr<^d<J5~\\uTZ}M,r7Dp*icvVh%mpy^MO8۫a\"ë/x#Vo<W_6X]Xzb˨ۦu+{YPGpk \\Kmm\Z+ck\nU|erG4klxz^mr~|K$\'yJL,RqUf~0>ZTf=ń7pSOGҸWd@d?+Gڪ%\0KGiՒB%<#vzWQkvW\'_Pz)Iy2|+ͳ<eWv51D0H`zsOXּ~hf?8k_^\"(U#.5d=GBnUG0S,,4o\\\\VNEqvZd7s4A9S]B8[G&\nTTuX7OK17_z[?3Ny5vθ5rVE\nӼmcId@+/Q}ƭQYsAnv?ZqKtĜS1ZV9K_Paۭ	RHp)95|h:\\ppƭJNHKT+6Ѵy/\\c_i5Z,)*\\ձqqڜbF_*%*\r[y9>sWNJ J<IFbp@AYQĩ+MLjZ4*NU[\ru\ZøkY\nroB;*5[aQtc\0uj)l6lnXuUInsNOC4\'C1z\0*\'^(\0pq^4oSEph>IɈ\0d.\"\rL+RסI R 1=	J54gmQžn9S[Rgd漳DΛhY:;`{\\FFsԣ}uSҭnZX2#[WQ!~n7tJzv#Ԥ59=1An	#tX](lq\Zƒnș-sU¼\0\"81QCb3D刮.ܰi\']pW	,){³co*\0>jkƫzϻgF%u}hN)zP3TdJCҤ7\ni坂4@SW|8/q7Φ[\rۨf>U*;,9GHTgޤ#Y*3%,#0	=ҚKnZIA&##8$+8\0\Z;ҋL|[LNN[pcHc\\O^e֔8$\'ayf26z,0]n\0wK)0\Z3	w7)uf%FVC4ցJ6;4VDm,g<K-ZQRJP!PE<=G5a9ڲ-χd|*RKUHU#aZ0$T|u$9vo99gPrF+!$Zs\0\\UXXtiX9Te\nXq^wJ	hPۣv9i3m?zf<7`̙Ds`\ZFҏi3¶&I8M7M6\".?5خn 5X=994r;2oQ(/;]0Nrk}ap(lFhYy+9yt2MpNf$t\"PZ68kR5H3QMnM0\"\\)!)ʵySns~Eմrʸ)J}=gwU[;[#XF6n6Ni\ZԀ}J@xy3߽kK0ѶAG0=s\ZtZDqF|zzVW{F,l<%e7N3VΑ`DeܩVca^{\ZnVO|b	{]vH.էE5OiOuz[6m\'Γ[v8?Dn;\Z՝$d,P$_yҽ5)\Z&M;#IX*Qzknh,R-wp2WhlcxU\'hh$I>䜑\rơG d5.)SٝA`8\n\"e${]Mdd\\گI/Ȇ2\0jB+dL)n9\n2M켱5nfx=V- Q˓v*[֩7*3.}e\\/Aȥq8➣\"\rԒ/IC.	U4؈qM|O<l:wq48kY?F?qk_c>)87\Z,|HU8ajlSU䵩^]Jn̖Z~υV]`pнZ3\n;#c&>e<bh%;Wj u95ye\\;T;x9b`ܬ;վtV[n<yz՘Zxѫ#5I\rFWvFRH\'k/jz5EVO006+i\rΊJt$uCƻ]AhkIӀ=Fn,,gw,Şae47\n$]{kt./X`ݤeGIWh5=b\n\rȩ-[\'&{}Vu~Z߳bU$TJ癔61ziǱVxg1ꖲI*Ǡb/r;$MHRXi `m`556G\r#SAfNZMQϮsd\"\'\n$ȍq755=qldjX5R	n¨}+QXT\0UJW.DK\0x>EtXnUU7r+WO+\n>ª@*EAU)YTU8qg4-֝29³]=Y\\83HH$z`GpĊʣSZp~hwneN`c5xSo,s1~VMut-3OӽKs=ڟ}oEynOSIVoYgI[]޵m/s]ªZԵ9Kn$vϓ;tf0gUrjF/̒:/沍`S5a\r.HM_,\"=۩5nZw[,y4-O7o@N89jŔ=fBH\n[M>5霦Ԁ=\rT$?,+II!i^4L^ǚ=vUױ݀i^١\'j=Ttʂ(@~B>(_,`\Z*1&pNr@ʹmjS)\0	n=v<cXW3rEUa~gzTf9rh5!#<bJ:UK3\'ެDy+i4T{\Zz6Aϵ2AjBֵ%tkG2c\0V4wS<7r`IgWXRv=	O V\Zu6(qr0ShOjrּV=IIF7go\n;𨦍~FNou)F*.FrG準xDzw@\r5Ɠ7vfW2.NZv0t17JNWΡnɖ	ct=W<ҰMlK}+-Żn)]E6G6;U7fv`޲X:Hر6Vr\r*RHPZ\r\0M?gxhYݭ庰nxjm3G\rsqGgx6aoH##g%ԴZ8\"\"\'GOeWW<YX\0qZ0]\0ܮ*UGt*[s ܞ^:^W1yr}HdNHQܡ\"/-[w:5~SGO\nnTlMn\\\n\ry~cMAΡjvo`ҹDhU:)1RGN*!Eg&_]`$Ejah QsRۤ	\0%U&b40r^-\nlq0>oOXDy2=d#]K&AS0AXW2I\"dڙە*`g\0w`/V&9^1\Z\0!B7vYD	u&@\'\05a:fЕyCr1M>_DA,P$};Vma,\0c7x>Rd\\pF5DkcZ9㹮WRTR\\52ʵ.A%实t9\\֥⛩ҠJSI~Iw\n>qdd2E<L}ҡc`zDSToQ(:ש_1#zVU219m3ڶ4ܨF\rF=*-Y#\rޜc)!0v?c4WpEFeG+S6OlR\0j>HR4g3ެPɗ3*֙yy4Hc\ZڪAZa%ڕ%GL>~H\'@׉qŠj&_HDZPwLVR\Z\'h\nWr\"ɦYRIWj4&:j@iȄu\0[*An/@:1\0`W|I\0	QEMp_╩l&sOSڤQK$(xJ5w+E20IwxQ< <׍ʬPu\"9z׈Mj`i{׸\r\0+L\'|ѣܨy-m$yxnt}WvS|Akuk5YU=3Pn\"=3KG&ySWEe!+M2[!$__j[aOXw=M*60jKIsB\0u!ޯ>t i\'b:w1A|ބ\ZɖKiY[+tTY\\R$^{c⛈-|%Lj^)jy@S4RZg_<ƪi\0+\Z~//Ĝ:=sg-RDr{}8HQ;\\.;_2z``^/& #t>#fyi\"gU-z\ZE_Cl}zry0$Wo6`Y7\'Ec	Ks[iМy=+	V(8y|1YzgBʸ`:u?s#Gf	SCGVu3c$?J+-FZRHc\\E=~ͣ\\\"f7<\ruhv\0zsXtUGPGUG3.SIM͌_ǃ\Zu(s\rֹ	4FzU),-6gf-P=S53c{QK=}EVaHG\0z:\'WG=t-o\'4g5Tz4piQ7CV\ZFQ`=A+E\0yn#l9R j	dF )>Ru.y#ԱyzbY4ۙYQ~u;WAUyno#Pkp}E=:Sr=*\nEN;X<SJS$}ND\r7g<⧝]@@F\\\"=\0K9]W\'ڬ[Z^jEGNjr5^ILjmzBiZe/erHxNˮkW7198UEy1!~WP׹OSzՑNސyrERA:أ\0.qJ0<J\0	95RTkEu\rnlZv#p?\ZNkB\Z3jtg=+׵gT\".h*ok\"j\\\Zrw>L{9̉bnk6\Zq,dػܑ~aֹnp\0t-P2[(|QF੮Mfkh,~u&-x-bQ+Ǧ\0V={meG<ԹV\'\0CHT<>TʁU`Kɨjz}./3USӖɼ?잕^ZDy<G/r\rJխɚ5i;h-Ă{*5ϥ0;@O.2.{~WrZ_HKϷޱ</um&\"E^IJ8y\\#OY|=^kkrjeu?|QR\nQ.쵏m؉g§k/s#6O\nbYTZ0Z\Z>ʁv֮bgCFG#=A$BH5Obq~St28&ĀE~Vmm\\n9SԮrt5Zi.y%VI;\ZQ*Һ&~bA͸Ծ`-/Oz@<ctv#');
/*!40000 ALTER TABLE `barang` ENABLE KEYS */;
UNLOCK TABLES;

--
-- Table structure for table `divisi`
--

DROP TABLE IF EXISTS `divisi`;
/*!40101 SET @saved_cs_client     = @@character_set_client */;
/*!40101 SET character_set_client = utf8 */;
CREATE TABLE `divisi` (
  `id` int(11) NOT NULL AUTO_INCREMENT,
  `nama` varchar(1000) COLLATE utf8mb4_unicode_ci NOT NULL,
  `ket` varchar(1000) COLLATE utf8mb4_unicode_ci DEFAULT NULL,
  PRIMARY KEY (`id`)
) ENGINE=MyISAM AUTO_INCREMENT=55 DEFAULT CHARSET=utf8mb4 COLLATE=utf8mb4_unicode_ci;
/*!40101 SET character_set_client = @saved_cs_client */;

--
-- Dumping data for table `divisi`
--

LOCK TABLES `divisi` WRITE;
/*!40000 ALTER TABLE `divisi` DISABLE KEYS */;
INSERT INTO `divisi` VALUES (1,'Non Divisi','Khusus Direksi'),(2,'Keuangan','rttewtrrrr7777'),(3,'Pemasaran','rewrwrwr8888'),(4,'Humas','Hubungan Gelap dgn Masyarakat'),(5,'Penertiban','Survey lapangan34343'),(6,'BAG PERTANAHAN',NULL),(7,'BID HK, KOM DAN PERTANAHAN',NULL),(8,'BID OP KONS',NULL),(9,'UPP KITRING PAPUA BARAT',NULL),(10,'BAG ADM MUM',NULL),(11,'PT PLN (PERSERO) UIP PAPUA',NULL),(12,'BAG AKT MUM DAN AT',NULL),(13,'SUBID PMIS DAN ADM TEKNIK',NULL),(14,'BID KEU DAN SDM',NULL),(15,'BID REN',NULL),(16,'SUBID HK DAN KOM',NULL),(17,'BAG PROYEK (PLTMG MPP JAYAPURA 50MW)',NULL),(18,'BAG ADM KEU',NULL),(19,'SUBID PERTANAHAN',NULL),(20,'SUBID REN MUM',NULL),(21,'SUBID REN ANG',NULL),(22,'SUBID KEU',NULL),(23,'PELAKSANA PENGADAAN',NULL),(24,'SUBID REN ELEKTROMEKANIK',NULL),(25,'BAG PROYEK (PLTMG SERUI 10MW)',NULL),(26,'UPP KITRING PAPUA',NULL),(27,'SUBID DAL PROYEK DAN K2',NULL),(28,'BAG AKT PDP',NULL),(29,'BAG PROYEK (PLTU 2 PAPUA 2X10MW)',NULL),(30,'BAG TEKNIK',NULL),(31,'SIE PROYEK (PLTMH AMAI 2x0,75MW)',NULL),(32,'BAG DAL PROYEK KIT',NULL),(33,'BAG KON',NULL),(34,'SIE KEU DAN ADM',NULL),(35,'BAG PROYEK (PLTMG MERAUKE 20MW)',NULL),(36,'BAG PROYEK (PLTMG BIAK 15MW)',NULL),(37,'BAG K3 DAN LING',NULL),(38,'BAG PROYEK (PLTMG SERUI 2 10MW)',NULL),(39,'SUBID REN SIPIL',NULL),(40,'BAG ADM DAN BANG SDM',NULL),(41,'BAG PROYEK (PLTMG MPP NABIRE 20MW)',NULL),(42,'BAG PROYEK (PLTMG MPP FAK-FAK 10MW)',NULL),(43,'BAG PROYEK (PLTMG MPP MANOKWARI 20MW)',NULL),(44,'SIE PROYEK (PLTMH SARMI 5MW)',NULL),(45,'BAG DAL PROYEK RING',NULL),(46,'SIE LOLA PMIS',NULL),(47,'BAG PROYEK (PLTMG MPP TIMIKA 10MW)',NULL),(48,'PERENCANA PENGADAAN',NULL),(49,'BAG PELAP',NULL),(50,'BAG PROYEK (PLTMG MERAUKE 2 20MW)',NULL),(51,'SIE PROYEK (PLTMH KALIBUMI 1x1,25 MW)',NULL),(52,'BAG PROYEK (PLTMG SORONG 50MW)',NULL);
/*!40000 ALTER TABLE `divisi` ENABLE KEYS */;
UNLOCK TABLES;

--
-- Table structure for table `divisi_old`
--

DROP TABLE IF EXISTS `divisi_old`;
/*!40101 SET @saved_cs_client     = @@character_set_client */;
/*!40101 SET character_set_client = utf8 */;
CREATE TABLE `divisi_old` (
  `id` int(11) NOT NULL AUTO_INCREMENT,
  `nama` varchar(1000) COLLATE utf8mb4_unicode_ci NOT NULL,
  `ket` varchar(1000) COLLATE utf8mb4_unicode_ci DEFAULT NULL,
  `nik_manager` varchar(100) COLLATE utf8mb4_unicode_ci DEFAULT NULL,
  PRIMARY KEY (`id`)
) ENGINE=MyISAM AUTO_INCREMENT=53 DEFAULT CHARSET=utf8mb4 COLLATE=utf8mb4_unicode_ci;
/*!40101 SET character_set_client = @saved_cs_client */;

--
-- Dumping data for table `divisi_old`
--

LOCK TABLES `divisi_old` WRITE;
/*!40000 ALTER TABLE `divisi_old` DISABLE KEYS */;
INSERT INTO `divisi_old` VALUES (1,'Non Divisi','Khusus Direksi',NULL),(2,'Keuangan','',NULL),(3,'Pemasaran','','555'),(4,'Humas','','666'),(5,'Penertiban','Survey lapangan',''),(6,'BAG PERTANAHAN',NULL,NULL),(7,'BID HK, KOM DAN PERTANAHAN',NULL,NULL),(8,'BID OP KONS',NULL,NULL),(9,'UPP KITRING PAPUA BARAT',NULL,NULL),(10,'BAG ADM MUM',NULL,NULL),(11,'PT PLN (PERSERO) UIP PAPUA',NULL,NULL),(12,'BAG AKT MUM DAN AT',NULL,NULL),(13,'SUBID PMIS DAN ADM TEKNIK',NULL,NULL),(14,'BID KEU DAN SDM',NULL,NULL),(15,'BID REN',NULL,NULL),(16,'SUBID HK DAN KOM',NULL,NULL),(17,'BAG PROYEK (PLTMG MPP JAYAPURA 50MW)',NULL,NULL),(18,'BAG ADM KEU',NULL,NULL),(19,'SUBID PERTANAHAN',NULL,NULL),(20,'SUBID REN MUM',NULL,NULL),(21,'SUBID REN ANG',NULL,NULL),(22,'SUBID KEU',NULL,NULL),(23,'PELAKSANA PENGADAAN',NULL,NULL),(24,'SUBID REN ELEKTROMEKANIK',NULL,NULL),(25,'BAG PROYEK (PLTMG SERUI 10MW)',NULL,NULL),(26,'UPP KITRING PAPUA',NULL,NULL),(27,'SUBID DAL PROYEK DAN K2',NULL,NULL),(28,'BAG AKT PDP',NULL,NULL),(29,'BAG PROYEK (PLTU 2 PAPUA 2X10MW)',NULL,NULL),(30,'BAG TEKNIK',NULL,NULL),(31,'SIE PROYEK (PLTMH AMAI 2x0,75MW)',NULL,NULL),(32,'BAG DAL PROYEK KIT',NULL,NULL),(33,'BAG KON',NULL,NULL),(34,'SIE KEU DAN ADM',NULL,NULL),(35,'BAG PROYEK (PLTMG MERAUKE 20MW)',NULL,NULL),(36,'BAG PROYEK (PLTMG BIAK 15MW)',NULL,NULL),(37,'BAG K3 DAN LING',NULL,NULL),(38,'BAG PROYEK (PLTMG SERUI 2 10MW)',NULL,NULL),(39,'SUBID REN SIPIL',NULL,NULL),(40,'BAG ADM DAN BANG SDM',NULL,NULL),(41,'BAG PROYEK (PLTMG MPP NABIRE 20MW)',NULL,NULL),(42,'BAG PROYEK (PLTMG MPP FAK-FAK 10MW)',NULL,NULL),(43,'BAG PROYEK (PLTMG MPP MANOKWARI 20MW)',NULL,NULL),(44,'SIE PROYEK (PLTMH SARMI 5MW)',NULL,NULL),(45,'BAG DAL PROYEK RING',NULL,NULL),(46,'SIE LOLA PMIS',NULL,NULL),(47,'BAG PROYEK (PLTMG MPP TIMIKA 10MW)',NULL,NULL),(48,'PERENCANA PENGADAAN',NULL,NULL),(49,'BAG PELAP',NULL,NULL),(50,'BAG PROYEK (PLTMG MERAUKE 2 20MW)',NULL,NULL),(51,'SIE PROYEK (PLTMH KALIBUMI 1x1,25 MW)',NULL,NULL),(52,'BAG PROYEK (PLTMG SORONG 50MW)',NULL,NULL);
/*!40000 ALTER TABLE `divisi_old` ENABLE KEYS */;
UNLOCK TABLES;

--
-- Table structure for table `dpb_kolektif`
--

DROP TABLE IF EXISTS `dpb_kolektif`;
/*!40101 SET @saved_cs_client     = @@character_set_client */;
/*!40101 SET character_set_client = utf8 */;
CREATE TABLE `dpb_kolektif` (
  `nomor` varchar(100) COLLATE utf8mb4_unicode_ci NOT NULL,
  `ket` varchar(1000) COLLATE utf8mb4_unicode_ci DEFAULT NULL,
  `tgl` timestamp NOT NULL DEFAULT CURRENT_TIMESTAMP,
  `nik` varchar(100) COLLATE utf8mb4_unicode_ci DEFAULT NULL,
  `mail_send` int(11) NOT NULL DEFAULT '0',
  `nik_atasan` varchar(100) COLLATE utf8mb4_unicode_ci DEFAULT NULL,
  `nama_atasan` varchar(100) COLLATE utf8mb4_unicode_ci DEFAULT NULL,
  `nama_posisi_atasan` varchar(100) COLLATE utf8mb4_unicode_ci DEFAULT NULL,
  PRIMARY KEY (`nomor`)
) ENGINE=InnoDB DEFAULT CHARSET=utf8mb4 COLLATE=utf8mb4_unicode_ci;
/*!40101 SET character_set_client = @saved_cs_client */;

--
-- Dumping data for table `dpb_kolektif`
--

LOCK TABLES `dpb_kolektif` WRITE;
/*!40000 ALTER TABLE `dpb_kolektif` DISABLE KEYS */;
INSERT INTO `dpb_kolektif` VALUES ('DPBK/01/2017','Perdana','2017-11-14 01:10:43','1',1,NULL,NULL,NULL);
/*!40000 ALTER TABLE `dpb_kolektif` ENABLE KEYS */;
UNLOCK TABLES;

--
-- Table structure for table `dpb_kolektif_d`
--

DROP TABLE IF EXISTS `dpb_kolektif_d`;
/*!40101 SET @saved_cs_client     = @@character_set_client */;
/*!40101 SET character_set_client = utf8 */;
CREATE TABLE `dpb_kolektif_d` (
  `nomor_dpb_kolektif` varchar(100) COLLATE utf8mb4_unicode_ci NOT NULL,
  `nomor_permintaan` varchar(100) COLLATE utf8mb4_unicode_ci NOT NULL,
  `divisi` varchar(100) COLLATE utf8mb4_unicode_ci DEFAULT NULL,
  `id_divisi` int(11) DEFAULT NULL,
  PRIMARY KEY (`nomor_dpb_kolektif`,`nomor_permintaan`)
) ENGINE=InnoDB DEFAULT CHARSET=utf8mb4 COLLATE=utf8mb4_unicode_ci;
/*!40101 SET character_set_client = @saved_cs_client */;

--
-- Dumping data for table `dpb_kolektif_d`
--

LOCK TABLES `dpb_kolektif_d` WRITE;
/*!40000 ALTER TABLE `dpb_kolektif_d` DISABLE KEYS */;
INSERT INTO `dpb_kolektif_d` VALUES ('DPBK/01/2017','333','UPP KITRING PAPUA BARAT',NULL),('DPBK/01/2017','999','BAG PERTANAHAN',NULL);
/*!40000 ALTER TABLE `dpb_kolektif_d` ENABLE KEYS */;
UNLOCK TABLES;

--
-- Table structure for table `nota`
--

DROP TABLE IF EXISTS `nota`;
/*!40101 SET @saved_cs_client     = @@character_set_client */;
/*!40101 SET character_set_client = utf8 */;
CREATE TABLE `nota` (
  `nomor` varchar(100) COLLATE utf8mb4_unicode_ci NOT NULL,
  `id_vendor` int(11) NOT NULL,
  `nomor_dpb_kolektif` varchar(100) COLLATE utf8mb4_unicode_ci NOT NULL,
  `tgl` timestamp NOT NULL DEFAULT CURRENT_TIMESTAMP,
  `mail_send` int(11) NOT NULL DEFAULT '0',
  PRIMARY KEY (`nomor`,`id_vendor`,`nomor_dpb_kolektif`),
  UNIQUE KEY `nomor` (`nomor`)
) ENGINE=MyISAM DEFAULT CHARSET=utf8mb4 COLLATE=utf8mb4_unicode_ci;
/*!40101 SET character_set_client = @saved_cs_client */;

--
-- Dumping data for table `nota`
--

LOCK TABLES `nota` WRITE;
/*!40000 ALTER TABLE `nota` DISABLE KEYS */;
INSERT INTO `nota` VALUES ('df',1,'DPBK/01/2017','2017-11-14 09:43:21',1);
/*!40000 ALTER TABLE `nota` ENABLE KEYS */;
UNLOCK TABLES;

--
-- Table structure for table `notifikasi`
--

DROP TABLE IF EXISTS `notifikasi`;
/*!40101 SET @saved_cs_client     = @@character_set_client */;
/*!40101 SET character_set_client = utf8 */;
CREATE TABLE `notifikasi` (
  `id` int(11) NOT NULL AUTO_INCREMENT,
  `tgl` timestamp NOT NULL DEFAULT CURRENT_TIMESTAMP,
  `id_send` varchar(100) COLLATE utf8mb4_unicode_ci DEFAULT NULL,
  `id_rec` varchar(100) COLLATE utf8mb4_unicode_ci DEFAULT NULL,
  `judul` varchar(1000) COLLATE utf8mb4_unicode_ci DEFAULT NULL,
  `konten` text COLLATE utf8mb4_unicode_ci,
  `stat` int(11) NOT NULL DEFAULT '0',
  `id_rel` int(11) NOT NULL DEFAULT '0',
  PRIMARY KEY (`id`)
) ENGINE=InnoDB DEFAULT CHARSET=utf8mb4 COLLATE=utf8mb4_unicode_ci;
/*!40101 SET character_set_client = @saved_cs_client */;

--
-- Dumping data for table `notifikasi`
--

LOCK TABLES `notifikasi` WRITE;
/*!40000 ALTER TABLE `notifikasi` DISABLE KEYS */;
/*!40000 ALTER TABLE `notifikasi` ENABLE KEYS */;
UNLOCK TABLES;

--
-- Table structure for table `permintaan`
--

DROP TABLE IF EXISTS `permintaan`;
/*!40101 SET @saved_cs_client     = @@character_set_client */;
/*!40101 SET character_set_client = utf8 */;
CREATE TABLE `permintaan` (
  `nomor` varchar(100) COLLATE utf8mb4_unicode_ci NOT NULL,
  `alasan` varchar(1000) COLLATE utf8mb4_unicode_ci NOT NULL DEFAULT '-',
  `status` int(11) NOT NULL DEFAULT '0',
  `tgl` timestamp NOT NULL DEFAULT CURRENT_TIMESTAMP,
  `nik` varchar(100) COLLATE utf8mb4_unicode_ci NOT NULL,
  `id_posisi` int(11) DEFAULT NULL,
  `nik_atasan` varchar(100) COLLATE utf8mb4_unicode_ci DEFAULT NULL,
  `id_posisi_atasan` int(11) DEFAULT NULL,
  `nama` varchar(100) COLLATE utf8mb4_unicode_ci DEFAULT NULL,
  `nama_posisi` varchar(100) COLLATE utf8mb4_unicode_ci DEFAULT NULL,
  `nama_atasan` varchar(100) COLLATE utf8mb4_unicode_ci DEFAULT NULL,
  `nama_posisi_atasan` varchar(100) COLLATE utf8mb4_unicode_ci DEFAULT NULL,
  `id_divisi` int(11) DEFAULT NULL,
  `nama_divisi` varchar(100) COLLATE utf8mb4_unicode_ci DEFAULT NULL,
  PRIMARY KEY (`nomor`)
) ENGINE=MyISAM DEFAULT CHARSET=utf8mb4 COLLATE=utf8mb4_unicode_ci;
/*!40101 SET character_set_client = @saved_cs_client */;

--
-- Dumping data for table `permintaan`
--

LOCK TABLES `permintaan` WRITE;
/*!40000 ALTER TABLE `permintaan` DISABLE KEYS */;
INSERT INTO `permintaan` VALUES ('333','Permintaan UPP KITRING PB yang pertama',2,'2017-11-11 04:03:57','222',68,'111',5,'Dwi Panca','AS KOM','Eka Esa Primus','MAN UPP KITRING PAPUA BARAT',NULL,NULL),('999','Permintaan Pertanahan, urgen',2,'2017-11-11 04:04:54','333',3,'555',1,'Trie','ASMAN PERTANAHAN','Vivi','SPV PERTANAHAN',NULL,NULL);
/*!40000 ALTER TABLE `permintaan` ENABLE KEYS */;
UNLOCK TABLES;

--
-- Table structure for table `permintaan_d`
--

DROP TABLE IF EXISTS `permintaan_d`;
/*!40101 SET @saved_cs_client     = @@character_set_client */;
/*!40101 SET character_set_client = utf8 */;
CREATE TABLE `permintaan_d` (
  `nomor_permintaan` varchar(100) COLLATE utf8mb4_unicode_ci NOT NULL,
  `id_barang` int(11) NOT NULL,
  `jml_minta` int(11) NOT NULL,
  `jml_setuju` int(11) NOT NULL DEFAULT '0',
  `ket_tolak` varchar(1000) COLLATE utf8mb4_unicode_ci NOT NULL DEFAULT '-',
  `user_nama` varchar(100) COLLATE utf8mb4_unicode_ci DEFAULT NULL,
  `tgl` timestamp NOT NULL DEFAULT CURRENT_TIMESTAMP,
  `nama_barang` varchar(1000) COLLATE utf8mb4_unicode_ci DEFAULT NULL,
  `satuan_barang` varchar(100) COLLATE utf8mb4_unicode_ci DEFAULT NULL,
  `harga_barang` double NOT NULL DEFAULT '0',
  PRIMARY KEY (`nomor_permintaan`,`id_barang`)
) ENGINE=MyISAM DEFAULT CHARSET=utf8mb4 COLLATE=utf8mb4_unicode_ci;
/*!40101 SET character_set_client = @saved_cs_client */;

--
-- Dumping data for table `permintaan_d`
--

LOCK TABLES `permintaan_d` WRITE;
/*!40000 ALTER TABLE `permintaan_d` DISABLE KEYS */;
INSERT INTO `permintaan_d` VALUES ('333',2,75,0,'-','Dwi Panca','2017-11-11 04:05:46','Ballpoint hitam tinta kering','PAK',2500),('333',1,155,0,'-','Dwi Panca','2017-11-11 04:05:46','Ballpoint hitam tinta basah','PAK',15000),('999',6,14,0,'-','Trie','2017-11-11 04:05:12','Penghapus Pencil','DOS',100),('999',8,18,0,'-','Trie','2017-11-11 04:05:12','Kertas HVS','PAK',8500),('999',11,17,0,'-','Trie','2017-11-11 04:05:12','Spidol Biru','DOS',1200),('333',15,15,0,'-','Dwi Panca','2017-11-11 04:05:46','Kertas HVS Later','PAK',8000),('333',6,183,0,'-','Dwi Panca','2017-11-11 04:05:46','Penghapus Pencil','DOS',100),('333',10,12,0,'-','Dwi Panca','2017-11-11 04:05:46','Spidol Hitam','DOS',1200);
/*!40000 ALTER TABLE `permintaan_d` ENABLE KEYS */;
UNLOCK TABLES;

--
-- Table structure for table `posisi`
--

DROP TABLE IF EXISTS `posisi`;
/*!40101 SET @saved_cs_client     = @@character_set_client */;
/*!40101 SET character_set_client = utf8 */;
CREATE TABLE `posisi` (
  `id` int(11) NOT NULL AUTO_INCREMENT,
  `nama` varchar(1000) COLLATE utf8mb4_unicode_ci NOT NULL,
  `ket` varchar(1000) COLLATE utf8mb4_unicode_ci DEFAULT NULL,
  `id_divisi` int(11) NOT NULL,
  PRIMARY KEY (`id`)
) ENGINE=MyISAM AUTO_INCREMENT=83 DEFAULT CHARSET=utf8mb4 COLLATE=utf8mb4_unicode_ci;
/*!40101 SET character_set_client = @saved_cs_client */;

--
-- Dumping data for table `posisi`
--

LOCK TABLES `posisi` WRITE;
/*!40000 ALTER TABLE `posisi` DISABLE KEYS */;
INSERT INTO `posisi` VALUES (1,'SPV PERTANAHAN','',6),(2,'PLT MAN HK, KOM DAN PERTANAHAN','',7),(3,'ASMAN PERTANAHAN','',6),(4,'EG KONS RING','',8),(5,'MAN UPP KITRING PAPUA BARAT','',9),(6,'SPV ADM MUM',NULL,10),(7,'GM','',11),(8,'SPV AKT MUM DAN AT','',7),(9,'PLT DM PMIS DAN ADM TEKNIK','',13),(10,'PLT MAN KEU DAN SDM','',14),(11,'PLT DM SDM DAN UMUM',NULL,10),(12,'MAN REN','',15),(13,'PLT MAN OP KONS','',33),(14,'PLT DM HK DAN KOM',NULL,10),(15,'ASMAN PROYEK PLTMG MPP JAYAPURA',NULL,10),(16,'SPV ADM KEU',NULL,10),(17,'DM PERTANAHAN',NULL,10),(18,'PLT DM REN MUM',NULL,10),(19,'PLT DM REN ANG',NULL,10),(20,'PLT DM KEU',NULL,10),(21,'PLT PJ PELAKSANA PENGADAAN',NULL,10),(22,'PLT DM REN ELEKTROMEKANIK',NULL,10),(23,'ASMAN PROYEK PLTMG SERUI',NULL,10),(24,'PLT MAN UPP KITRING PAPUA',NULL,10),(25,'PLT DM DAL PROYEK DAN K2',NULL,10),(26,'PLT SPV AKT DAN PDP',NULL,10),(27,'ASMAN PROYEK PLTU 2 PAPUA',NULL,10),(28,'ASMAN TEKNIK',NULL,10),(29,'SPV PROYEK PLTMH AMAI',NULL,10),(30,'AS TI',NULL,10),(31,'SPV DAL PROYEK KIT',NULL,10),(32,'SPV KON',NULL,10),(33,'SPV KEU DAN ADM',NULL,10),(34,'ASMAN PROYEK PLTMG MERAUKE',NULL,10),(35,'ASMAN PROYEK PLTMG BIAK',NULL,10),(36,'SPV K3 DAN LING',NULL,10),(37,'ASMAN PROYEK PLTMG SERUI 2',NULL,10),(38,'JE TEKNIK SIPIL',NULL,10),(39,'PLT SPV ADM DAN BANG SDM',NULL,10),(40,'PLT ASMAN PROYEK PLTMG MPP NABIRE','',9),(41,'PLT ASMAN PROYEK PLTMG MPP FAK-FAK','',9),(42,'PLT ASMAN PROYEK PLTMG MPP MANOKWARI','',9),(43,'SPV PROYEK PLTMG SARMI',NULL,10),(44,'SPV DAL PROYEK RING',NULL,10),(45,'JE LOLA KON',NULL,10),(46,'JF ADM PENGADAAN',NULL,10),(47,'SPV LOLA PMIS',NULL,10),(48,'PLT ASMAN PROYEK PLTMG MPP TIMIKA',NULL,10),(49,'AE TEKNIK SIPIL',NULL,10),(50,'AE TEKNIK ELEKTRIKAL',NULL,10),(51,'JF ADM DAN KAM',NULL,10),(52,'JA PERENCANA PENGADAAN',NULL,10),(53,'JE SURVEY, PENGUKURAN DAN PERIJINAN',NULL,10),(54,'PLT PJ PERENCANA PENGADAAN',NULL,10),(55,'PLT SPV PELAP',NULL,10),(56,'JA LOLA KAS',NULL,10),(57,'JE DAL KONS RING',NULL,10),(58,'PLT ASMAN PROYEK PLTMG MERAUKE 2',NULL,10),(59,'PLT SPV PROYEK PLTMH KALIBUMI',NULL,10),(60,'JA REN ANG',NULL,10),(61,'AE TEKNIK MESIN','',30),(62,'AS ADM DAN BANG SDM',NULL,10),(63,'PLT ASMAN PROYEK PLTMG SORONG','',9),(64,'AS PELAKSANA PENGADAAN',NULL,10),(65,'AE TEKNIK ELKTRIKAL',NULL,10),(66,'PLT ASMAN PERTANAHAN',NULL,10),(67,'AS HK',NULL,10),(68,'AS KOM','',9),(69,'JE K2 DAN K3',NULL,10),(70,'JF SEKRE DAN RUMAH TANGGA',NULL,10),(71,'JA AKT',NULL,10),(72,'AE REN LING',NULL,10),(73,'JE LING, KAM DAN K3',NULL,10),(74,'JA PENGADAAN TANAH',NULL,10),(75,'JE TEKNIK ELKTRIKAL',NULL,10),(76,'JE TEKNIK MEKANIKAL',NULL,10),(77,'JA KEU',NULL,10),(78,'AS PENGADAAN TANAH','',19),(79,'JF ADM',NULL,10),(80,'JF ADM KEU','',22),(81,'JF ADM DAN KESRA SDM','',40);
/*!40000 ALTER TABLE `posisi` ENABLE KEYS */;
UNLOCK TABLES;

--
-- Table structure for table `role`
--

DROP TABLE IF EXISTS `role`;
/*!40101 SET @saved_cs_client     = @@character_set_client */;
/*!40101 SET character_set_client = utf8 */;
CREATE TABLE `role` (
  `id` int(11) NOT NULL AUTO_INCREMENT,
  `nama` varchar(1000) COLLATE utf8mb4_unicode_ci NOT NULL,
  `berkas_barang` int(11) NOT NULL DEFAULT '0',
  `berkas_divisi` int(11) NOT NULL DEFAULT '0',
  `proses_buat_permintaan` int(11) NOT NULL DEFAULT '0',
  `proses_edit_permintaan` int(11) NOT NULL DEFAULT '0',
  `proses_hapus_permintaan` int(11) NOT NULL DEFAULT '0',
  `proses_review_permintaan` int(11) NOT NULL DEFAULT '0',
  `proses_buat_dpb_kolektif` int(11) NOT NULL DEFAULT '0',
  `proses_hapus_dpb_kolektif` int(11) NOT NULL DEFAULT '0',
  `proses_cek_email` int(11) NOT NULL DEFAULT '0',
  `laporan_permintaan` int(11) NOT NULL DEFAULT '0',
  `laporan_dpb_kolektif` int(11) NOT NULL DEFAULT '0',
  `pengaturan_basis_data` int(11) NOT NULL DEFAULT '0',
  `pengaturan_admin` int(11) NOT NULL DEFAULT '0',
  `laporan_dpb_vendor` int(11) NOT NULL DEFAULT '0',
  PRIMARY KEY (`id`)
) ENGINE=MyISAM AUTO_INCREMENT=7 DEFAULT CHARSET=utf8mb4 COLLATE=utf8mb4_unicode_ci;
/*!40101 SET character_set_client = @saved_cs_client */;

--
-- Dumping data for table `role`
--

LOCK TABLES `role` WRITE;
/*!40000 ALTER TABLE `role` DISABLE KEYS */;
INSERT INTO `role` VALUES (1,'Admin',1,1,1,1,1,1,1,1,1,1,1,1,1,1),(2,'Super Operator',0,0,0,0,1,1,0,0,0,1,1,0,0,0),(3,'Operator',0,0,1,1,1,0,0,0,0,1,1,0,0,0),(6,'Guest',0,0,0,0,0,0,0,0,0,1,1,0,0,0);
/*!40000 ALTER TABLE `role` ENABLE KEYS */;
UNLOCK TABLES;

--
-- Table structure for table `user`
--

DROP TABLE IF EXISTS `user`;
/*!40101 SET @saved_cs_client     = @@character_set_client */;
/*!40101 SET character_set_client = utf8 */;
CREATE TABLE `user` (
  `nik` varchar(100) COLLATE utf8mb4_unicode_ci NOT NULL,
  `nama` varchar(1000) COLLATE utf8mb4_unicode_ci NOT NULL,
  `password` varchar(1000) COLLATE utf8mb4_unicode_ci NOT NULL,
  `telp` varchar(50) COLLATE utf8mb4_unicode_ci DEFAULT NULL,
  `email` varchar(1000) COLLATE utf8mb4_unicode_ci DEFAULT NULL,
  `id_divisi` int(11) NOT NULL,
  `id_role` int(11) NOT NULL,
  PRIMARY KEY (`nik`)
) ENGINE=MyISAM DEFAULT CHARSET=utf8mb4 COLLATE=utf8mb4_unicode_ci;
/*!40101 SET character_set_client = @saved_cs_client */;

--
-- Dumping data for table `user`
--

LOCK TABLES `user` WRITE;
/*!40000 ALTER TABLE `user` DISABLE KEYS */;
INSERT INTO `user` VALUES ('1','Root Linuxer','c4ca4238a0b923820dcc509a6f75849b','085244444830','ondiisrail@gmail.com',6,1),('666','Djumandjie','fae0b27c451c728867a567e8c1bb4e53','085244444592','arafuru.style@gmail.com',8,2),('555','Vivi','15de21c670ae7c3f6f3f1f37029303c9','081527745622','humaspdamjpr@gmail.com',6,2),('333','Trie','310dcbbf4cce62f762a2aaa148d556bd','0811481219','r41l_86@yahoo.com',6,3),('888','Oktavius','0a113ef6b61820daa5611c870ed8d5ee','085244448888','samudranta@gmail.com',9,3),('222','Dwi Panca','bcbe3365e6ac95ea2c0343a2395834dd','081545672222','r41l_22@hotmail.com',9,3),('444','Fani','550a141f12de6341fba65b0ad0433500','085244444592','samudranta@gmail.com',6,3),('777','Martuju Seventinus','f1c1592588411002af340cbaedd6fc33','0852777777','r41l_86@yahoo.com',15,2),('111','Eka Esa Primus','698d51a19d8a121ce581499d7b701668','085211111','arafuru.style@gmail.com',9,2);
/*!40000 ALTER TABLE `user` ENABLE KEYS */;
UNLOCK TABLES;

--
-- Table structure for table `user_detail`
--

DROP TABLE IF EXISTS `user_detail`;
/*!40101 SET @saved_cs_client     = @@character_set_client */;
/*!40101 SET character_set_client = utf8 */;
CREATE TABLE `user_detail` (
  `prev_per_no` varchar(255) COLLATE utf8mb4_unicode_ci DEFAULT NULL,
  `pers_no` varchar(255) COLLATE utf8mb4_unicode_ci DEFAULT NULL,
  `nama` varchar(255) COLLATE utf8mb4_unicode_ci DEFAULT NULL,
  `title` varchar(255) COLLATE utf8mb4_unicode_ci DEFAULT NULL,
  `second_title` varchar(255) COLLATE utf8mb4_unicode_ci DEFAULT NULL,
  `nama_panjang_posisi` varchar(255) COLLATE utf8mb4_unicode_ci DEFAULT NULL,
  `org_unit` varchar(255) COLLATE utf8mb4_unicode_ci DEFAULT NULL,
  `bus_area` varchar(255) COLLATE utf8mb4_unicode_ci DEFAULT NULL,
  `person_area` varchar(255) COLLATE utf8mb4_unicode_ci DEFAULT NULL,
  `email` varchar(255) COLLATE utf8mb4_unicode_ci DEFAULT NULL,
  `nama_pendek_posisi_atasan` varchar(255) COLLATE utf8mb4_unicode_ci DEFAULT NULL,
  `id_posisi_atasan` varchar(255) COLLATE utf8mb4_unicode_ci DEFAULT NULL,
  `alamat` varchar(255) COLLATE utf8mb4_unicode_ci DEFAULT NULL,
  `jenjang` varchar(255) COLLATE utf8mb4_unicode_ci DEFAULT NULL,
  `telp` varchar(255) COLLATE utf8mb4_unicode_ci DEFAULT NULL,
  `gender` varchar(255) COLLATE utf8mb4_unicode_ci DEFAULT NULL,
  `posisi_id` varchar(255) COLLATE utf8mb4_unicode_ci DEFAULT NULL,
  `posisi` varchar(255) COLLATE utf8mb4_unicode_ci DEFAULT NULL,
  `nik` varchar(255) COLLATE utf8mb4_unicode_ci DEFAULT NULL,
  `tgl_lahir` varchar(255) COLLATE utf8mb4_unicode_ci DEFAULT NULL,
  `person_sub_area` varchar(255) COLLATE utf8mb4_unicode_ci DEFAULT NULL
) ENGINE=InnoDB DEFAULT CHARSET=utf8mb4 COLLATE=utf8mb4_unicode_ci;
/*!40101 SET character_set_client = @saved_cs_client */;

--
-- Dumping data for table `user_detail`
--

LOCK TABLES `user_detail` WRITE;
/*!40000 ALTER TABLE `user_detail` DISABLE KEYS */;
INSERT INTO `user_detail` VALUES ('6284176P','62842403','YULIANUS BATO TARIAN',NULL,NULL,'SUPERVISOR PERTANAHAN','BAG PERTANAHAN','Kantor Induk UIP Papua','UIP Papua','yulianus.batotarian@pln.co.id','DM PERTANAHAN','37000732','JL. TOA DAENG 3 LRG. TERATAI NO. 91 C','Supervisori Atas','081342005144','Male','37000733','SPV PERTANAHAN','7371111605620004','5/16/1962','KANTOR INDUK'),('6381003S','63818000','MERRY LAUW',NULL,'SE','SENIOR SPECIALIST II KINERJA (PLT MANAJER HUKUM, KOMUNIKASI DANPERTANAHAN)','BID HK, KOM DAN PERTANAHAN','Kantor Induk UIP Papua','UIP Papua','MERRY.LAUW@PLN.CO.ID','MAN HK, KOM DAN PERTANAHAN','30215810','<JALAN..>JAYAPURA','Manajemen Menengah','08124836586','Female','30231129','PLT MAN HK, KOM DAN PERTANAHAN','9171016703630002','3/27/1963','KANTOR INDUK'),('6383032S','63838000','SLAMET',NULL,NULL,'ASISTEN MANAJER PERTANAHAN','BAG PERTANAHAN','UPP Kitring Papua Barat','UIP Papua','SLAMET63@PLN.CO.ID','MAN UPP KITRING PAPUA BARAT','37000741','KOMP. KPR BPD JLN. BASUKI RAHMAR KM. 9','Supervisori Atas','081344422037','Male','37000743','ASMAN PERTANAHAN','9271051410630002','10/14/1963','UPP KITJAR PBRT'),('6385056S','63858006','TRIMANTO',NULL,NULL,'ENGINEER KONSTRUKSI JARINGAN','BID OP KONS','Kantor Induk UIP Papua','UIP Papua','trimanto@pln.co.id','MAN OP KONS','30215808','GANG YAO I NO.8 PERUMNAS I WAENA','Fungsional IV','08124808691','Male','30224832','EG KONS RING','9109011212630004','12/12/1963','KANTOR INDUK'),('6483059S','64838004','ABDULLAH HATARI',NULL,'SE','MANAJER UNIT PELAKSANA PROYEK PEMBANGKIT DAN JARINGAN PAPUA BARAT','UPP KITRING PAPUA BARAT','UPP Kitring Papua Barat','UIP Papua','ABDULLAH.HATARI@PLN.CO.ID','GM','30215806','SKYLINE','Manajemen Dasar','0967 532145S','Male','37000741','MAN UPP KITRING PAPUA BARAT','9171030401640002','1/4/1964','UPP KITJAR PBRT'),('6490001S','64908000','MELKI EVERT LEGI',NULL,NULL,'SUPERVISOR ADMINISTRASI UMUM','BAG ADM MUM','Kantor Induk UIP Papua','UIP Papua','MELKI.LEGI@PLN.CO.ID','DM SDM DAN MUM','37000729','KOMPLEK PERUMAHAN JAYA ASRI ENTROP','Supervisori Atas','0967-532145','Male','37000731','SPV ADM MUM','9171020211640001','11/2/1964','KANTOR INDUK'),('6593054Z','65930007','HENRISON ADVENTIUS LUMBANRAJA','Ir.','MM.','GENERAL MANAGER','PT PLN (PERSERO) UIP PAPUA','Kantor Induk UIP Papua','UIP Papua','HENRISON.LUMBANRAJA@PLN.CO.ID',NULL,'0','Wisma Pagesanga V no 8 Surabaya','Manajemen Atas','08123114855','Male','30215806','GM','3578230508650003','8/5/1965','KANTOR INDUK'),('6689052S','66898010','SUHIRMAN',NULL,'SE','SUPERVISOR AKUNTANSI UMUM DAN AKTIVA TETAP','BAG AKT MUM DAN AT','Kantor Induk UIP Papua','UIP Papua','SUHIRMAN66@PLN.CO.ID','DM AKT','37000726','PERUMAHAN VURIA KEHUTANAN NO.PA.11 KOTARAJA','Supervisori Atas','0967-584560','Male','37000727','SPV AKT MUM DAN AT','9171032611660002','11/26/1966','KANTOR INDUK'),('6692034P','66927602','SUHARKAN',NULL,'S.T.','ENGINEER PENGELOLA KONTRAK (PLT DEPUTI MANAJER PMIS DAN ADMINISTRASITEKNIK)','SUBID PMIS DAN ADM TEKNIK','Kantor Induk UIP Papua','UIP Papua','SUHARKAN034@PLN.CO.ID','DM PMIS DAN ADM TEKNIK','37000714','PERUMAHAN RANGGONG SAKINA BLOK A2 ANTANG','Manajemen Dasar','085255884431','Male','30224833','PLT DM PMIS DAN ADM TEKNIK','7313060112660003','12/1/1966','KANTOR INDUK'),('6695122B','66956600','HARIS JHON HORAS, S.E., Ak.',NULL,NULL,'SENIOR SPECIALIST II KINERJA (PLT MANAJER KEUANGAN DAN SUMBER DAYAMANUSIA)','BID KEU DAN SDM','Kantor Induk UIP Papua','UIP Papua','HARIS.JOHN@PLN.CO.ID','MAN KEU DAN SDM','30215809','BANDAR LAMPUNG','Manajemen Menengah','081273900105','Male','30230728','PLT MAN KEU DAN SDM','1871062406660002','6/24/1966','KANTOR INDUK'),('6791004S','67918000','JAMES M RUNTUKAHU',NULL,NULL,'OFFICER HUBUNGAN INDUSTRIAL DAN PERENCANAAN TENAGA KERJA (PLT DEPUTI MANAJER SDM DAN UMUM)','BAG ADM MUM','Kantor Induk UIP Papua','UIP Papua','JAMES.RUNTUKAHU@PLN.CO.ID','SPV ADM MUM','37000731','PERUM, TANAH HITAM','Manajemen Dasar','085244444678','Male','30243026','PLT DM SDM DAN UMUM','9171030705670004','5/7/1967','KANTOR INDUK'),('6795091P','67952200','AGUS RISFIAN NOOR','Ir.',NULL,'MANAJER PERENCANAAN','BID REN','Kantor Induk UIP Papua','UIP Papua','agus.risfian@pln.co.id','GM','30215806','Komplek Sepinggan Baru 1, Jl.Mandiri Utama II, No. D5, RT.20','Manajemen Menengah','081253099005','Male','30215807','MAN REN','6471052508670007','8/25/1967','KANTOR INDUK'),('6795088P','67953402','TONA INDORA','Ir.',NULL,'SENIOR SPECIALIST II KINERJA (PLT MANAJER OPERASI KONSTRUKSI)','BID OP KONS','Kantor Induk UIP Papua','UIP Papua','tona.indora@pln.co.id','MAN OP KONS','30215808','JL. AEROMODELING RAYA NO. 101 RT. 006/02','Manajemen Menengah','0811218959','Male','30237605','PLT MAN OP KONS','3273241312670000','12/13/1967','KANTOR INDUK'),('6801023S','68017600','HERMES E. MOZES ANSANAY',NULL,'SE','ANALYST KOMUNIKASI(PLT DEPUTI MANAJER HUKUM & KOMUNIKASI)','SUBID HK DAN KOM','Kantor Induk UIP Papua','UIP Papua','HERMES.ANSANAY@PLN.CO.ID','DM HK DAN KOM','37000734','JL. RIDGE PERUM. PLN','Manajemen Dasar','081241007077','Male','30224825','PLT DM HK DAN KOM','9171011003680004','3/10/1968','KANTOR INDUK'),('7093095F','70937607','ASRI',NULL,'S.T.','ASISTEN MANAJER PROYEK PLTMG MPP JAYAPURA (50 MW)','BAG PROYEK (PLTMG MPP JAYAPURA 50MW)','UPP Kitring Papua','UIP Papua','asri2@pln.co.id','MAN UPP KITRING PAPUA','37000735','JL. SEKUMPUL KOMP. PONDOK PERMATA NO. 22','Supervisori Atas','08124071551','Male','30224968','ASMAN PROYEK PLTMG MPP JAYAPURA','6303053008700005','8/31/1970','UPP KITJAR PPUA'),('7094058G','70947803','NURUL AINI NINGKEULA',NULL,'SE','SUPERVISOR ADMINISTRASI KEUANGAN','BAG ADM KEU','Kantor Induk UIP Papua','UIP Papua','NINGKEULA.NURUL@PLN.CO.ID','DM KEU','37000723','PASSO','Supervisori Atas','085344065218','Female','37000725','SPV ADM KEU','8171034910700002','10/9/1970','KANTOR INDUK'),('7301003S','73018001','FREDRIK MAURIDS NORIWARI',NULL,'SH','DEPUTI MANAJER PERTANAHAN','SUBID PERTANAHAN','Kantor Induk UIP Papua','UIP Papua','fredrik.noriwari@pln.co.id','MAN HK, KOM DAN PERTANAHAN','30215810','RT. I/RW. 1 KAMPUNG WASORI','Manajemen Dasar','081241644646','Male','37000732','DM PERTANAHAN','9103022901730001','1/29/1973','KANTOR INDUK'),('7806014Z','78063600','WILLY NOVANANDA SIREGAR',NULL,'M.Si','ENGINEER SURVEY, PENGUKURAN DAN PERIJINAN (PLT DEPUTI MANAJERPERENCANAAN UMUM)','SUBID REN MUM','Kantor Induk UIP Papua','UIP Papua','WILLY.SIREGAR@PLN.CO.ID','DM REN MUM','30222513','KARET PSR BARU BARAT II NO.33 RT.007 RW.005','Manajemen Dasar','081229031318','Male','30224826','PLT DM REN MUM','3171071711780004','11/17/1978','KANTOR INDUK'),('7806082Z','78068000','SULISTYO SURYO',NULL,'SE','ANALYST PERENCANAAN ANGGARAN (PLT DEPUTI MANAJER PERENCANAAN ANGGARAN)','SUBID REN ANG','Kantor Induk UIP Papua','UIP Papua','sulistyo.suryo@pln.co.id','DM REN ANG','37000722','Jl. Klampok Kasri II-F/266','Manajemen Dasar','081334592010','Male','30236107','PLT DM REN ANG','3573022106780002','6/21/1978','KANTOR INDUK'),('7806086Z','78068003','ATENG MARUDUT SIHOMBING',NULL,'SE','ANALYST PENGENDALIAN KEUANGAN (PLT DEPUTI MANAJER KEUANGAN)','SUBID KEU','Kantor Induk UIP Papua','UIP Papua','ATENG.SIHOMBING@PLN.CO.ID','DM KEU','37000723','JLN. SENTANI RAYA-WAENA BELAKANG MEGA WAENA GANG KARANG 1','Manajemen Dasar','081344328247','Male','30234159','PLT DM KEU','9171050105780001','5/1/1978','KANTOR INDUK'),('7906109Z','79062000','BENNY SUSANTO',NULL,'M.T.','ANALYST PELAKSANA PENGADAAN (PLT PEJABAT PELAKSANA PENGADAAN)','PELAKSANA PENGADAAN','Kantor Induk UIP Papua','UIP Papua','BENNY.SUSANTO@PLN.CO.ID','PJ PELAKSANA PENGADAAN','30215812','<JALAN..>JL. TEBET BARAT X-A NO. 30, TEBET','Manajemen Dasar','081367008937','Male','30224862','PLT PJ PELAKSANA PENGADAAN','3275020310790030','10/3/1979','KANTOR INDUK'),('8007060Z','80076600','HENRY DONALD MANGATAS SILAEN',NULL,'S.T.','EG REN ELEKTROMEKANIK (PLT DEPUTI MANAJER PERENCANAAN ELEKTROMEKANIK)','SUBID REN ELEKTROMEKANIK','Kantor Induk UIP Papua','UIP Papua','DONALD_SILAEN@PLN.CO.ID','DM REN ELEKTROMEKANIK','30222515','PERUM BILABONG JAYA BLOK C NO.11','Manajemen Dasar','08117162123','Male','30239071','PLT DM REN ELEKTROMEKANIK','1871030305800006','5/3/1980','KANTOR INDUK'),('8209029Z','82092003','DAVID JONMA SAHAT PARULIAN',NULL,'S.T.','ASISTEN MANAJER PROYEK PLTMG SERUI (10 MW)','BAG PROYEK (PLTMG SERUI 10MW)','UPP Kitring Papua','UIP Papua','DAVID.PARULIAN@pln.co.id','MAN UPP KITRING PAPUA','37000735','KOMP. BANGUN REKSA II W-17 03/06 PD PUCUNG','Supervisori Atas','085367923556','Male','30224967','ASMAN PROYEK PLTMG SERUI','3671121401820002','1/14/1982','UPP KITJAR PPUA'),('8209681Z','82092004','HENDRA FITRIA',NULL,'S.T.','ANALYST KINERJA (PLT MANAJER UNIT PELAKSANA PROYEK PEMBANGKIT DANJARINGAN PAPUA)','UPP KITRING PAPUA','UPP Kitring Papua','UIP Papua','HENDRA.FITRIA@pln.co.id','MAN UPP KITRING PAPUA','37000735','JL. K. USMAN LRG. SAWAH NO. 8 ULEE KARENG','Manajemen Dasar','081360540678','Male','30230731','PLT MAN UPP KITRING PAPUA','1105012107820004','7/21/1982','UPP KITJAR PPUA'),('8308493Z','83082401','BENAYA SUTAMI WINOWODA',NULL,'S.T.','ENGINEER PENGENDALIAN KONSTRUKSI PEMBANGKIT (PLT DEPUTI MANAJER PENGENDALIAN PROYEK DAN KESELAMATAN KETENAGALISTRIKAN)','SUBID DAL PROYEK DAN K2','Kantor Induk UIP Papua','UIP Papua','benaya@pln.co.id','DM DAL PROYEK DAN K2','37000717','JL. TELKOM III NO. 90 TELKOMAS','Manajemen Dasar','0813425557410','Male','30237157','PLT DM DAL PROYEK DAN K2','7371111809830002','9/18/1983','KANTOR INDUK'),('8609797Z','86092501','HERMAN',NULL,'A.Md.','ASSISTANT ANALYST AKUNTANSI(PLT SUPERVISOR AKUNTANSI DAN PDP)','BAG AKT PDP','Kantor Induk UIP Papua','UIP Papua','HERMAN42@pln.co.id','SPV AKT PDP','37000728','BIRING ROMANG LR. 2 NO. 24 G','Supervisori Atas','081355299','Male','30224851','PLT SPV AKT DAN PDP','7372031001860001','1/10/1986','KANTOR INDUK'),('8610317Z','86109200','MARTEN TUNA',NULL,'S.T.','ASISTEN MANAJER PROYEK PLTU 2 PAPUA (2 X 10 MW)','BAG PROYEK (PLTU 2 PAPUA 2X10MW)','UPP Kitring Papua','UIP Papua','MARTEN.TUNA@pln.co.id','MAN UPP KITRING PAPUA','37000735','BUMI TAMALANREA PERMAI BLOK 9M','Supervisori Atas','081355629005','Male','37000740','ASMAN PROYEK PLTU 2 PAPUA','7326063003860002','3/30/1986','UPP KITJAR PPUA'),('8612592ZY','86122400','BAYU ADI LAKSONO PUTRA',NULL,'S.T.','ASISTEN MANAJER TEKNIK','BAG TEKNIK','UPP Kitring Papua Barat','UIP Papua','bayu.laksono@pln.co.id','MAN UPP KITRING PAPUA BARAT','37000741','JALAN SAWENTAR BARAT 1/5','Supervisori Atas','082123282788','Male','37000742','ASMAN TEKNIK','3578102906860002','6/29/1986','UPP KITJAR PBRT'),('87111082Z','87112507','ASRUL AMRULLAH',NULL,'A.Md.','SUPERVISOR PROYEK PLTMH AMAI','SIE PROYEK (PLTMH AMAI 2x0,75MW)','UPP Kitring Papua','UIP Papua','ASRUL.AMRULLAH@pln.co.id','MAN UPP KITRING PAPUA','37000735','JL. TINUMBU LR-154 NO.82','Supervisori Dasar','085255125789','Male','30226223','SPV PROYEK PLTMH AMAI','7371061211870003','11/12/1987','UPP KITJAR PPUA'),('8711343Z','87116410','IMA SYLVIA PRIHANDITA',NULL,'S.T.','ASSISTANT ANALYST TEKNOLOGI INFORMASI','SUBID REN MUM','Kantor Induk UIP Papua','UIP Papua','IMA.SYLVIA@PLN.CO.ID','DM REN MUM','30222513','GG. MENUR III, JL. PISANG, SUSILOHARJO RT/RW. 004/012 SISWOD','Fungsional V',NULL,'Female','30235998','AS TI','3309056808870001','8/26/1987','KANTOR INDUK'),('8812378ZY','88122002','HOTMASTERMAN SIMBOLON',NULL,'S.T.','ASISTEN MANAJER TEKNIK','BAG TEKNIK','UPP Kitring Papua','UIP Papua','HOTMASTERMAN.SIMBOLON@pln.co.id','MAN UPP KITRING PAPUA','37000735','JL. SIANTAR TIMUR NO. 18','Supervisori Atas','081396725198','Male','37000736','ASMAN TEKNIK','1272012308880002','8/23/1988','UPP KITJAR PPUA'),('8812065ZY','88122401','I MADE EKA ASTINA',NULL,'S.T.','SUPERVISOR PENGENDALIAN PROYEK PEMBANGKIT','BAG DAL PROYEK KIT','Kantor Induk UIP Papua','UIP Papua','eastina@pln.co.id','DM DAL PROYEK DAN K2','37000717','JL. NUSAKAMBANGAN NO. 20','Supervisori Atas','08123933347','Male','37000718','SPV DAL PROYEK KIT','5171032503880019','3/25/1988','KANTOR INDUK'),('8812067ZY','88122402','RONALD PASCHALIS FOUDUBUN',NULL,'S.T.','SUPERVISOR KONTRAK','BAG KON','Kantor Induk UIP Papua','UIP Papua','ronald.pf@pln.co.id','DM PMIS DAN ADM TEKNIK','37000714','LINGKUNGAN ENGELBERTUS RT.001/RW.001 LANGGUR KEC. KEI KECIL','Supervisori Atas','082199694675','Male','37000716','SPV KON','8102012803880002','3/28/1988','KANTOR INDUK'),('8913383ZY','88133300','MOCH YARFA\'ILLAH',NULL,'A.Md.','SUPERVISOR KEUANGAN DAN ADMINISTRASI','SIE KEU DAN ADM','UPP Kitring Papua','UIP Papua','m.yarfa@pln.co.id','MAN UPP KITRING PAPUA','37000735','PESEGAN ASRI BLOK C1-17 RT/RW 15/03 KELURAHAN KELOPOSEPULUH','Supervisori Dasar','081344716916','Male','37000738','SPV KEU DAN ADM','3515142202890001','2/22/1989','UPP KITJAR PPUA'),('8813370ZY','88139400','YUDA PRATAMA PUTRA',NULL,'S.T.','ASISTEN MANAJER PROYEK PLTMG MERAUKE (20 MW)','BAG PROYEK (PLTMG MERAUKE 20MW)','UPP Kitring Papua','UIP Papua','yudapratamaputra@pln.co.id','MAN UPP KITRING PAPUA','37000735','VILLA JATIRASA JL.MURAI C.18 NO.14 RT.06, RW 11.','Supervisori Atas','085328082828','Male','30226216','ASMAN PROYEK PLTMG MERAUKE','3275092401880008','1/24/1988','UPP KITJAR PPUA'),('8813375ZY','88139401','ANDRA PRAHESTHY',NULL,'S.T.','ASISTEN MANAJER PROYEK PLTMG BIAK','BAG PROYEK (PLTMG BIAK 15MW)','UPP Kitring Papua','UIP Papua','andra.prahesthy@pln.co.id','MAN UPP KITRING PAPUA','37000735','JL.CEMARA NO.18 RT/RW 002/002, KELURAHAN KALIREJO,','Supervisori Atas','08157746272','Male','30226215','ASMAN PROYEK PLTMG BIAK','3322190510880002','10/5/1988','UPP KITJAR PPUA'),('8814039ZY','88149400','MUHAMMAD HATTA AL ULA',NULL,'S.T.','SUPERVISOR KESELAMATAN, KESEHATAN KERJA, DAN LINGKUNGAN','BAG K3 DAN LING','Kantor Induk UIP Papua','UIP Papua','m.hatta.al@pln.co.id','DM DAL PROYEK DAN K2','37000717','JL. RAYA SENORI MERAK URAK NO.552','Supervisori Atas','082112945767','Male','37000720','SPV K3 DAN LING','3523132411880001','11/24/1988','KANTOR INDUK'),('8913391ZY','89139403','MUHAMMAD HANIF',NULL,'S.T.','ASISTEN MANAJER PROYEK PLTMG SERUI 2 (10 MW)','BAG PROYEK (PLTMG SERUI 2 10MW)','UPP Kitring Papua','UIP Papua','mohamad.hanif@pln.co.id','MAN UPP KITRING PAPUA','37000735','DUSUN BROJODITO RT/RW 008/004','Supervisori Atas','085225500045','Male','30226220','ASMAN PROYEK PLTMG SERUI 2','3322120209890002','9/2/1989','UPP KITJAR PPUA'),('8913390ZY','89139404','RENDY MARIO ARJUNA',NULL,'A.Md.','JUNIOR ENGINEER TEKNIK SIPIL','SUBID REN SIPIL','Kantor Induk UIP Papua','UIP Papua','rendymarioarjuna@pln.co.id','DM REN SIPIL','30222514','NGAGLIK LAMA NO.137 A, RT/RW 003/001, KELURAHAN BENDUNGAN,','Fungsional VI','085640948403','Male','30224829','JE TEKNIK SIPIL','3374091208890003','8/12/1989','KANTOR INDUK'),('8915024ZY','89159400','WAHYU SUGAR IBRAHIM',NULL,'S.T.','ASSISTANT ANALYST PENGEMBANGAN SDM DAN ORGANISASI (PLT SUPERVISORADMINISTRASI DAN PENGEMBANGAN SDM)','BAG ADM DAN BANG SDM','Kantor Induk UIP Papua','UIP Papua','WAHYU.SUGAR@PLN.CO.ID','SPV ADM DAN BANG SDM','37000730','JL. Gotong Royong No. 46 RT 001 RW 003 Kreo - Larangan, Tang','Supervisori Atas','8567853776','Male','30224852','PLT SPV ADM DAN BANG SDM','3671130403890001','3/4/1989','KANTOR INDUK'),('8915038ZY','89159401','YOHANES ANDREW',NULL,'S.ST','ASSISTANT ENGINEER TEKNIK SIPIL (PLT ASISTEN MANAJER PROYEK PLTMG MPPNABIRE)','BAG PROYEK (PLTMG MPP NABIRE 20MW)','UPP Kitring Papua','UIP Papua','yohanes.andrew@pln.co.id','ASMAN PROYEK PLTMG MPP NABIRE','30226218','Wisma Bogani No. 17 008/009 Kel. Jatiwarna Kec. Pondok Melat','Supervisori Atas','85718385676','Male','30224911','PLT ASMAN PROYEK PLTMG MPP NABIRE','3275122809890002','9/28/1989','UPP KITJAR PPUA'),('8915347ZY','89159402','ANDREAS BIMAR SETIARI',NULL,'S.T.','ASSISTANT ENGINEER TEKNIK SIPIL (PLT ASISTEN MANAJER PROYEK PLTMG MPPFAK-FAK)','BAG PROYEK (PLTMG MPP FAK-FAK 10MW)','UPP Kitring Papua Barat','UIP Papua','ANDREAS.BIMAR@PLN.CO.ID','ASMAN PROYEK PLTMG MPP FAK-FAK','30226200','Dsn. Banyuurip RT03/RW01 Mojorejo Wates Blitar Jawa Timur','Supervisori Atas','82139949616','Male','30224919','PLT ASMAN PROYEK PLTMG MPP FAK-FAK','3505202912890001','12/29/1989','UPP KITJAR PBRT'),('8915331ZY','89159403','DWI SEPTYAN WALUYO',NULL,'S.T.','ASSISTANT ENGINEER TEKNIK SIPIL (PLT ASISTEN MANAJER PROYEK PLTMG MPPMANOKWARI)','BAG PROYEK (PLTMG MPP MANOKWARI 20MW)','UPP Kitring Papua Barat','UIP Papua','DWI.SEPTYAN@PLN.CO.ID','ASMAN PROYEK PLTMG MPP MANOKWARI','30226208','Jalan Golf 8 no.9 Gunungsari Surabaya','Supervisori Atas','81233430001','Male','30224920','PLT ASMAN PROYEK PLTMG MPP MANOKWARI','3578211009890001','9/10/1989','UPP KITJAR PBRT'),('9014152ZY','90149401','ARIGUSMAN SITANGGANG',NULL,'A.Md.','SUPERVISOR PROYEK PLTMG SARMI (5MW)','SIE PROYEK (PLTMH SARMI 5MW)','UPP Kitring Papua','UIP Papua','arigusman_stg@pln.co.id','MAN UPP KITRING PAPUA','37000735','JL. DANAU MATANA LK.II','Supervisori Dasar','081396414103','Male','30226222','SPV PROYEK PLTMG SARMI','1276011008900002','8/10/1990','UPP KITJAR PPUA'),('9014158ZY','90149402','PRATAMA NUR SATRIA',NULL,'S.T.','SUPERVISOR PENGENDALIAN PROYEK JARINGAN','BAG DAL PROYEK RING','Kantor Induk UIP Papua','UIP Papua','pratamanursatria@pln.co.id','DM DAL PROYEK DAN K2','37000717','ARINDA 1 BLOK H-12','Supervisori Atas','081294643786','Male','37000719','SPV DAL PROYEK RING','3674031709900006','9/17/1990','KANTOR INDUK'),('9014159ZY','90149403','ANDREAS GALINGGING',NULL,'A.Md.','JUNIOR ENGINEER PENGELOLAAN KONTRAK','SUBID PMIS DAN ADM TEKNIK','Kantor Induk UIP Papua','UIP Papua','andreas.galingging@pln.co.id','DM PMIS DAN ADM TEKNIK','37000714','JL. TANJUNG BATU NO.176','Fungsional VI','085297153911','Male','30224836','JE LOLA KON','1211102010900001','10/20/1990','KANTOR INDUK'),('9015363ZY','90159400','ABDUL LATIF',NULL,'A.Md.','JUNIOR OFFICER ADMINISTRASI PENGADAAN','PELAKSANA PENGADAAN','Kantor Induk UIP Papua','UIP Papua','ABDULLATIF@PLN.CO.ID','PJ PELAKSANA PENGADAAN','30215812','JAMUS GODO RT.13/RW.IV KEC.MRANGGEN KAB. DEMAK','Fungsional VI','85876307735','Male','30224863','JF ADM PENGADAAN','3321012703900002','3/27/1990','KANTOR INDUK'),('9015397ZY','90159402','JUSMAN',NULL,'A.Md.','SUPERVISOR PENGELOLAAN PMIS','SIE LOLA PMIS','UPP Kitring Papua Barat','UIP Papua','JUSMAN@PLN.CO.ID','ASMAN TEKNIK','37000742','PAULAMBUSU, DESA TAMALANREA, KEC. BONTOTIRO','Supervisori Dasar','85242663334','Male','30222465','SPV LOLA PMIS','7302040507900001','7/5/1990','UPP KITJAR PBRT'),('9015733ZY','90159404','REZA ARVIANTO',NULL,'S.ST','ASSISTANT ENGINEER TEKNIK SIPIL (PLT ASISTEN MANAJER PROYEK PLTMG MPPTIMIKA)','BAG PROYEK (PLTMG MPP TIMIKA 10MW)','UPP Kitring Papua Barat','UIP Papua','REZA.ARVIANTO@PLN.CO.ID','ASMAN PROYEK PLTMG MPP TIMIKA','30226210','JALAN DANAU SERIANG C2 F3 RT.05/RW.16 SAWOJAJAR','Supervisori Atas','85881553253','Male','30224922','PLT ASMAN PROYEK PLTMG MPP TIMIKA','3573031207900002','7/12/1990','UPP KITJAR PBRT'),('9016060ZY','90169400','SANTO PERDANA PUTRA',NULL,'S.T.','ASSISTANT ENGINEER TEKNIK SIPIL','SUBID REN SIPIL','Kantor Induk UIP Papua','UIP Papua','SANTOPERDANA@PLN.CO.ID','DM REN SIPIL','30222514','BUCEND 2 ENTROP','Fungsional V','085254418493','Male','30239279','AE TEKNIK SIPIL','9171022905900006','5/29/1990','KANTOR INDUK'),('9017187ZY','90179400','YUSTIAN ARIEF ARYA HERLIYATNO',NULL,'S.T.','ASSISTANT ENGINEER TEKNIK ELEKTRIKAL','BAG PROYEK (PLTMG MPP NABIRE 20MW)','UPP Kitring Papua','UIP Papua',NULL,'ASMAN PROYEK PLTMG MPP NABIRE','30226218','JL. KEBUN RAJA NO 15 RT 007/RW','Fungsional V','085239478008','Male','30239278','AE TEKNIK ELEKTRIKAL','5371041611900000','11/16/1990','UPP KITJAR PPUA'),('9017626ZY','90179401','CANDRA NUR ARIFIN',NULL,'S.T.','ASSISTANT ENGINEER TEKNIK SIPIL','BAG TEKNIK','UPP Kitring Papua','UIP Papua',NULL,'ASMAN TEKNIK','37000736','JL. PAPANGGUNGAN X NO 80/127D RT 06 RW 09','Fungsional V','085720395766','Male','37401981','AE TEKNIK SIPIL','3273161401900004','1/14/1990','UPP KITJAR PPUA'),('9110010S','91108003','FRANSISCO SAMAY',NULL,NULL,'JUNIOR OFFICER ADMINISTRASI DAN KEAMANAN','BAG ADM MUM','Kantor Induk UIP Papua','UIP Papua','FRANSISCO.SAMAY@PLN.CO.ID','SPV ADM MUM','37000731','JL. YOS SUDARSO','Fungsional VI','085254815151','Male','30224855','JF ADM DAN KAM','9171032010910001','10/20/1991','KANTOR INDUK'),('9114190ZY','91149400','WIEM SATRIAWAN PUTRA',NULL,'A.Md.','JUNIOR ANALYST PERENCANA PENGADAAN','PERENCANA PENGADAAN','Kantor Induk UIP Papua','UIP Papua','wiemsatriawanputra@pln.co.id','PJ PERENCANA PENGADAAN','30215811','PERUMDAM BA.63 RT 02 RW 13 CANDIRENGGO SINGOSARI','Fungsional VI','081359190875','Male','30224860','JA PERENCANA PENGADAAN','3507243005910002','5/30/1991','KANTOR INDUK'),('9114200ZY','91149401','FARID LABIB MAHDI SUBEKTI',NULL,'A.Md.','JUNIOR ENGINEER SURVEY, PENGUKURAN DAN PERIJINAN','SUBID REN MUM','Kantor Induk UIP Papua','UIP Papua','faridsubekti@pln.co.id','DM REN MUM','30222513','KOMP.TNI AU DWIKORA NO.69 TAPOS','Fungsional VI','082197893021','Male','30224827','JE SURVEY, PENGUKURAN DAN PERIJINAN','3276021109910001','9/11/1991','KANTOR INDUK'),('9115140ZY','91159400','SYEH ARIES FAUZAN',NULL,'SH','ASSISTANT ANALYST PERENCANA PENGADAAN (PLT PEJABAT PERENCANA PENGADAAN)','PERENCANA PENGADAAN','Kantor Induk UIP Papua','UIP Papua','syeh.aries@pln.co.id','PJ PERENCANA PENGADAAN','30215811','JL. WISNUWARDANA RT 01 RW 06 LANGENSARI, UNGARAN, KAB. SEMAR','Supervisori Atas','85727179359','Male','30242401','PLT PJ PERENCANA PENGADAAN','3322181903710003','3/19/1991','KANTOR INDUK'),('9115165ZY','91159401','PAWITRA CITRA MAHENDRA',NULL,'S.T.','ASSISTANT OFFICER PELAPORAN (PLT SUPERVISOR PELAPORAN)','BAG PELAP','Kantor Induk UIP Papua','UIP Papua','PAWITRA.CITRA@PLN.CO.ID','SPV PELAP','37000715','PENJARINGANSARI PS1 F/22','Supervisori Atas','85646035010','Male','30224834','PLT SPV PELAP','1256202406910002','6/24/1991','KANTOR INDUK'),('9115489ZY','91159403','SYAHWALUDDIN',NULL,'A.Md.','JUNIOR ANALYST PENGELOLAAN KAS','BAG ADM KEU','Kantor Induk UIP Papua','UIP Papua','SYAHWALUDDIN@PLN.CO.ID','SPV ADM KEU','37000725','BTN BUNGORO INDAH BLOK B2/03 SAMALEWA KEC . BUNGORO','Fungsional VI','82349870577','Male','30224845','JA LOLA KAS','7310062612910001','4/26/1991','KANTOR INDUK'),('9115546ZY','91159404','MUHAMMAD RIFKY N. MANANGIN',NULL,'A.Md.','SUPERVISOR KEUANGAN DAN ADMINISTRASI','SIE KEU DAN ADM','UPP Kitring Papua Barat','UIP Papua','RIFKY.NOVIANTO@PLN.CO.ID','MAN UPP KITRING PAPUA BARAT','37000741','JL. SAHMINA NUR KEC. LIMBOTO KAB. GORONTALO','Supervisori Dasar','85298278676','Male','37000744','SPV KEU DAN ADM','7501012511910001','11/25/1991','UPP KITJAR PBRT'),('9115799ZY','91159405','SUDILAH DIARTO',NULL,'A.Md.','JUNIOR ENGINEER PENGENDALIAN KONSTRUKSI JARINGAN','SUBID DAL PROYEK DAN K2','Kantor Induk UIP Papua','UIP Papua','SUDILAH.DIARTO@PLN.CO.ID','DM DAL PROYEK DAN K2','37000717','JL. RANGKAH BUNTU 1/45 SURABAYA','Fungsional VI','85852367697','Male','30224839','JE DAL KONS RING','3578102304910002','4/23/1991','KANTOR INDUK'),('9115800ZY','91159406','PURNAMA',NULL,'A.Md.','JUNIOR OFFICER ADMINISTRASI PENGADAAN','PELAKSANA PENGADAAN','Kantor Induk UIP Papua','UIP Papua','PURNAMA@PLN.CO.ID','PJ PELAKSANA PENGADAAN','30215812','KP. JUNGHUN RT 001 RW 018 DESA JAYAGIRI KECAMATAN LEMBANG KA','Fungsional VI','082217018725','Male','30224865','JF ADM PENGADAAN','3217010105911001','5/1/1991','KANTOR INDUK'),('9115834ZY','91159407','IRFAN ARYA SATRIA',NULL,'S.T.','ASSISTANT ENGINEER TEKNIK ELEKTRIKAL (PLT ASISTEN MANAJER PROYEK PLTMGMERAUKE 2)','BAG PROYEK (PLTMG MERAUKE 2 20MW)','UPP Kitring Papua','UIP Papua','IRFAN.ARYASATRIA@PLN.CO.ID','ASMAN PROYEK PLTMG MERAUKE 2','30226217','JL. CENDRAWASIH G2 NO.12','Supervisori Atas','081287306071','Male','30224910','PLT ASMAN PROYEK PLTMG MERAUKE 2','3275023007910004','7/30/1991','UPP KITJAR PPUA'),('91151137ZY','91159408','ABDUL RASYID ILYAS',NULL,'A.Md.','JUNIOR ENGINEER TEKNIK SIPIL (PLT SUPERVISOR PROYEK PLTMH KALIBUMI)','SIE PROYEK (PLTMH KALIBUMI 1x1,25 MW)','UPP Kitring Papua','UIP Papua','ABDUL.RASYID@PLN.CO.ID','SPV PROYEK PLTMH KALIBUMI','30226221','GILIRENG, KEL. GILIRENG, KEC. GILIRENG, KAB. WAJO','Supervisori Dasar','85242332971','Male','30224914','PLT SPV PROYEK PLTMH KALIBUMI','7313130101910001','1/1/1991','UPP KITJAR PPUA'),('91151138ZY','91159409','ARSAL ARIFUDDIN',NULL,'A.Md.','JUNIOR ENGINEER TEKNIK SIPIL','BAG TEKNIK','UPP Kitring Papua','UIP Papua','ARSAL.ARIFUDDIN@PLN.CO.ID','ASMAN TEKNIK','37000736','JL. MUH TAHIR LR 7 NO 1','Fungsional VI','82345477791','Male','30224870','JE TEKNIK SIPIL','7371102401910004','1/24/1991','UPP KITJAR PPUA'),('9116095ZY','91169400','DEDE REINHARD TAULA\'BI\'',NULL,'S.T.','ASSISTANT ENGINEER TEKNIK SIPIL','SUBID REN SIPIL','Kantor Induk UIP Papua','UIP Papua','D2TAULABI@PLN.CO.ID','DM REN SIPIL','30222514','Jl. Reremi Permai 1 A No. 07','Fungsional V','085255171493','Male','30229447','AE TEKNIK SIPIL','7371090202910016','2/2/1991','KANTOR INDUK'),('9116152ZY','91169401','YUNITA PALIK',NULL,'A.Md.','JUNIOR ANALYST PERENCANAAN ANGGARAN','SUBID REN ANG','Kantor Induk UIP Papua','UIP Papua','YUNITAPALIK@PLN.CO.ID','DM REN ANG','37000722','JL SETIAPURA II PALDAM','Fungsional VI','081240880995','Female','30224842','JA REN ANG','9171024809910008','9/8/1991','KANTOR INDUK'),('9116183ZY','91169402','CHRISTIANTO LUMBA',NULL,'S.ST','ASSISTANT ENGINEER TEKNIK MESIN','SUBID REN ELEKTROMEKANIK','Kantor Induk UIP Papua','UIP Papua','CHRISTIANTO.LUMBA@PLN.CO.ID','DM REN ELEKTROMEKANIK','30222515','MARUALA','Fungsional V','82345674776','Male','30224830','AE TEKNIK MESIN','7311012312910004','12/23/1991','KANTOR INDUK'),('9116428ZY','91169403','PRASETYA TRIPUTRA NUGRAHA',NULL,'S.Psi','ASSISTANT ANALYST PENGEMBANGAN SDM DAN ORGANISASI','BAG ADM DAN BANG SDM','Kantor Induk UIP Papua','UIP Papua','PRASETYA.TRIPUTRA@PLN.CO.ID','SPV ADM DAN BANG SDM','37000730','JL. KAMPUNG BARU NO.48 RT.04/02 KEL.PD BAMBU KEC.DUREN SAWIT','Fungsional V','082199655788','Male','30224853','AS ADM DAN BANG SDM','3175070306910009','6/3/1991','KANTOR INDUK'),('9116858ZY','91169404','EIDIL DHANURMAWIJAYA',NULL,'S.T.','ASSISTANT ENGINEER TEKNIK SIPIL (PLT ASISTEN MANAJER PROYEK PLTMGSORONG)','BAG PROYEK (PLTMG SORONG 50MW)','UPP Kitring Papua Barat','UIP Papua','EIDIL.DHANURMA@PLN.CO.ID','ASMAN PROYEK PLTMG SORONG','30226212','JL. KAPAL FERY NO.26','Supervisori Atas','85255659455','Male','30224923','PLT ASMAN PROYEK PLTMG SORONG','6474012106910003','6/21/1991','UPP KITJAR PBRT'),('9116898ZY','91169405','REZA ANUGRAH',NULL,'S.T.','ASSISTANT ANALYST PELAKSANA PENGADAAN','PELAKSANA PENGADAAN','Kantor Induk UIP Papua','UIP Papua','REZAANUGRAH@PLN.CO.ID','PJ PELAKSANA PENGADAAN','30215812','JL. SATELIT 8 NO. 5 TELKOMAS','Fungsional V','81342971363','Male','30224864','AS PELAKSANA PENGADAAN','7371113112910060','12/31/1991','KANTOR INDUK'),('91162457ZY','91169407','ABDUL WAHID ALKINDY',NULL,'S.T.','ASSISTANT ENGINEER TEKNIK ELEKTRIKAL','BAG TEKNIK','UPP Kitring Papua','UIP Papua','WAHID.ALKINDY@PLN.CO.ID','ASMAN TEKNIK','37000736','KOMP DOSEN UNHAS BLOK AG NO 3','Fungsional V','085656216439','Male','30236108','AE TEKNIK ELKTRIKAL','7371140111900006','11/1/1991','UPP KITJAR PPUA'),('91162393ZY','91169408','SANDRYAWAL',NULL,'S.T.','ASSISTANT ENGINEER TEKNIK SIPIL','BAG TEKNIK','UPP Kitring Papua Barat','UIP Papua','SANDRYAWAL@PLN.CO.ID','ASMAN TEKNIK','37000742','\"JLN. MEGAPURA SKYLINE ,RT/RW : 003/001, KELURAHAN : ENTROP,','Fungsional V','82399308523','Male','30229445','AE TEKNIK SIPIL','91710223049100002','4/23/1991','UPP KITJAR PBRT'),('9215244ZY','92159400','YOLAN ERLANDA',NULL,'S.Sos','ASSISTANT ANALYST PENGADAAN TANAH DAN PENGENDALIAN ROW (PLT ASISTEN MANAJER PERTANAHAN)','BAG PERTANAHAN','UPP Kitring Papua','UIP Papua','YOLAN.ERLANDA@PLN.CO.ID','ASMAN PERTANAHAN','37000737','PAJELERAN, RT001/RW006, SUKAHATI, CIBINONG','Supervisori Atas','8979613911','Male','30224917','PLT ASMAN PERTANAHAN','3201012006920012','6/20/1992','UPP KITJAR PPUA'),('9215605ZY','92159401','MUH. TAQDIR NUR',NULL,'A.Md.','SUPERVISOR PENGELOLAAN PMIS','SIE LOLA PMIS','UPP Kitring Papua','UIP Papua','TAQDIR.NUR@PLN.CO.ID','ASMAN TEKNIK','37000736','BOTTOE, KEL. TANETE, KEC. TANETE KABUPATEN BARRU','Supervisori Dasar','085342254849','Male','30222464','SPV LOLA PMIS','7311020408920001','8/4/1992','UPP KITJAR PPUA'),('9216594ZY','92169400','BERNADUS ARDIAN RICKY MAHENDRA',NULL,'SH','ASSISTANT ANALYST HUKUM','SUBID HK DAN KOM','Kantor Induk UIP Papua','UIP Papua','BERNADUS.ARDIAN@PLN.CO.ID','DM HK DAN KOM','37000734','Mloyokusuman Rt.03 Rw. XII kelurahan Baluwarti Kecamatan Pas','Fungsional V','\'081217407856','Male','30224857','AS HK','3372032710920001','10/27/1992','KANTOR INDUK'),('9216609ZY','92169401','DIMAS PRABOWO WICAKSONO',NULL,'S.Sos','ASSISTANT ANALYST KOMUNIKASI','SUBID HK DAN KOM','Kantor Induk UIP Papua','UIP Papua','DIMAS.PRABOWO@PLN.CO.ID','DM HK DAN KOM','37000734','JL. ANGGREK NELIMURNI BLK A/104 RT 01 RW 01 KEMANGGISAN PALA','Fungsional V','081510003630','Male','30224858','AS KOM','3173071012920004','12/10/1992','KANTOR INDUK'),('9216987ZY','92169402','MUH. FADEL FAHMI',NULL,'A.Md.','JUNIOR ENGINEER KESELAMATAN KETENAGALISTRIKAN DAN K3','BAG K3 DAN LING','Kantor Induk UIP Papua','UIP Papua','FADEL.FAHMI@PLN.CO.ID','SPV K3 DAN LING','37000720','JLN. KERUKUNAN TIMUR 27 BLOK G NO. 229 BTP','Fungsional VI','85298514110','Male','30224841','JE K2 DAN K3','7371142612920002','12/26/1992','KANTOR INDUK'),('92162624ZY','92169403','ARI PRATOMO AJI',NULL,'S.T.','ASSISTANT ENGINEER TEKNIK SIPIL','BAG TEKNIK','UPP Kitring Papua','UIP Papua','ARI.PRATOMO@PLN.CO.ID','ASMAN TEKNIK','37000736','KOMP. SMU TERUNA BAKTI WAENA RT 1 RW 3 KELURAHAN YABANSAI KE','Fungsional V','82198502798','Male','30229443','AE TEKNIK SIPIL','9171052310920003','10/23/1992','UPP KITJAR PPUA'),('92163108ZY','92169404','MUHAMMAD DZUL FADHLI',NULL,'A.Md.','JUNIOR OFFICER ADMINISTRASI DAN KEAMANAN','BAG ADM MUM','Kantor Induk UIP Papua','UIP Papua','MUHAMMAD.DZUL@PLN.CO.ID','SPV ADM MUM','37000731','\"PP DARUL ISTIQAMAH KEL. TAROADA, KEC. TURIKALE\"','Fungsional VI','085299723937','Male','30239167','JF SEKRE DAN RUMAH TANGGA','73091409019200004','1/9/1992','KANTOR INDUK'),('92163166ZY','92169405','SATRIO GELAR PAMUNGKAS',NULL,'A.Md.','JUNIOR ANALYST PERENCANAAN ANGGARAN','SUBID REN ANG','Kantor Induk UIP Papua','UIP Papua','SATRIO.GELAR@PLN.CO.ID','DM REN ANG','37000722','\"JL PARANGPUSPO 2 D/ 15 RT 02 RW 9 MEDONO, PEKALONGAN BARAT\"','Fungsional VI','082313135618','Male','30236105','JA REN ANG','3375010406920007','6/5/1992','KANTOR INDUK'),('92163171ZY','92169406','TRIAJI SYAIFUL RAKHMAN',NULL,'A.Md.','JUNIOR ANALYST AKUNTANSI','BAG AKT PDP','Kantor Induk UIP Papua','UIP Papua','TRIAJI.SYAIFUL@PLN.CO.ID','SPV AKT PDP','37000728','KP CICAPAR TENGAH RT 01 RW 03 DESA LELES KEC LELES KAB GARUT','Fungsional VI','089618660887','Male','30229862','JA AKT','3205092706920001','6/27/1992','KANTOR INDUK'),('92163147ZY','92169407','TRY BAYU SASONGKO',NULL,'A.Md.','JUNIOR ANALYST PERENCANAAN ANGGARAN','SUBID REN ANG','Kantor Induk UIP Papua','UIP Papua','TRY.BAYU@PLN.CO.ID','DM REN ANG','37000722','JL. BAKTI 6 RT. 08 RW.06 N0. 49 KEL. CILINCING KEC. CILINCIN','Fungsional VI','087787212174','Male','30229863','JA REN ANG','3172041104920000','4/11/1992','KANTOR INDUK'),('92163660ZY','92169408','HANINDITO ANDHIKA',NULL,'S.T.','ASSISTANT ENGINEER PERENCANAAN LINGKUNGAN','SUBID REN MUM','Kantor Induk UIP Papua','UIP Papua','HANINDITO.ANDHIKA@PLN.CO.ID','DM REN MUM','30222513','JL. MANDAR UTAMA DC 11 NO.7 BINTARO JAYA SEKTOR 3A','Fungsional V','081219138475','Male','30232830','AE REN LING','3674030112920011','12/1/1992','KANTOR INDUK'),('9217627ZY','92179400','NAJIHUN GHULAM HALIM',NULL,'S.T.','ASSISTANT ENGINEER TEKNIK MESIN','BAG PROYEK (PLTMG BIAK 15MW)','UPP Kitring Papua','UIP Papua',NULL,'ASMAN PROYEK PLTMG BIAK','30226215','Jl. Parkit FA-07 Graha Kembangan Asri Desa Kembangan','Fungsional V','082231763859','Male','37401980','AE TEKNIK MESIN',NULL,'7/18/1992','UPP KITJAR PPUA'),('9315948ZY','93152505','FAUZIAH NURUL AINI',NULL,'A.Md.','JUNIOR ANALYST PERENCANA PENGADAAN','PERENCANA PENGADAAN','Kantor Induk UIP Papua','UIP Papua','FAUZIAH.NURUL@PLN.CO.ID','PJ PERENCANA PENGADAAN','30215811','JL. SUPLIER II NO. 84','Fungsional VI','085720088434','Female','30224861','JA PERENCANA PENGADAAN','3204284502930003','2/5/1993','KANTOR INDUK'),('93161006ZY','93169400','GERALD ABRAHAM',NULL,'A.Md.','JUNIOR ENGINEER LINGKUNGAN, KEAMANAN DAN K3','BAG TEKNIK','UPP Kitring Papua','UIP Papua','GERALDABRAHAM1993@PLN.CO.ID','ASMAN TEKNIK','37000736','JALAN RADIO 2 NO. 37A','Fungsional VI','85242195348','Male','30224871','JE LING, KAM DAN K3','7371111105930007','5/1/1993','UPP KITJAR PPUA'),('9316996ZY','93169401','MUHAMMAD AZWAR',NULL,'A.Md.','JUNIOR ENGINEER TEKNIK SIPIL','BAG TEKNIK','UPP Kitring Papua Barat','UIP Papua','MUHAMMAD.AZWAR@PLN.CO.ID','ASMAN TEKNIK','37000742','JALAN GUNUNG BAWAKARAENG LORONG 75D NOMOR 3B','Fungsional VI','85342246286','Male','30224903','JE TEKNIK SIPIL','7371031202930011','2/12/1993','UPP KITJAR PBRT'),('9316997ZY','93169402','WESLY TURISMAN NGOHAL',NULL,'A.Md.','JUNIOR ANALYST PENGADAAN TANAH','BAG PERTANAHAN','Kantor Induk UIP Papua','UIP Papua','WESLY.TURISMAN@PLN.CO.ID','SPV PERTANAHAN','37000733','JL. MANGKA DG. BOMBONG','Fungsional VI','85242500688','Male','30224856','JA PENGADAAN TANAH','7306081502930005','2/15/1993','KANTOR INDUK'),('93161875ZY','93169403','MUHAMMAD FAIZAL RACHMAWAN FANANI',NULL,'A.Md.','JUNIOR ENGINEER TEKNIK ELEKTRIKAL','BAG TEKNIK','UPP Kitring Papua Barat','UIP Papua','FAIZAL.RACHMAWAN@PLN.CO.ID','ASMAN TEKNIK','37000742','\"JALAN DANAU POSO 1 G2D/25 RT 01 RW 05, KELURAHAN SAWOJAJAR,','Fungsional VI','81230534665','Male','30224904','JE TEKNIK ELKTRIKAL','3573031607930004','7/16/1993','UPP KITJAR PBRT'),('93161921ZY','93169404','HAMDAN HASIAN RITONGA',NULL,'A.Md.','JUNIOR ENGINEER TEKNIK MEKANIKAL','BAG TEKNIK','UPP Kitring Papua','UIP Papua','HAMDAN.HASIAN@PLN.CO.ID','ASMAN TEKNIK','37000736','JL. PROGO FL-20 WISMA TROPODO SIDOARJO','Fungsional VI','85730210110','Male','30224872','JE TEKNIK MEKANIKAL','3515182210930001','10/22/1993','UPP KITJAR PPUA'),('93162658ZY','93169405','GENI GIOVANNI SHANDY GUNAWAN',NULL,'S.T.','ASSISTANT ENGINEER TEKNIK SIPIL','BAG TEKNIK','UPP Kitring Papua','UIP Papua','GENI.GIOVANNI@PLN.CO.ID','ASMAN TEKNIK','37000736','JL. GURU NO. 66 BPG KOTARAJA RT. 005 RW. 004 KELURAHAN VIM K','Fungsional V','082291599532','Female','30236106','AE TEKNIK SIPIL',NULL,'1/8/1993','UPP KITJAR PPUA'),('93163292ZY','93169406','MOCH. RIZAL ABDULLAH',NULL,'A.Md.','JUNIOR ANALYST AKUNTANSI','BAG AKT MUM DAN AT','Kantor Induk UIP Papua','UIP Papua','MOCH.RIZAL@PLN.CO.ID','SPV AKT MUM DAN AT','37000727','\"JL.MUTIARA DUSUN II PEGUNDAN, RT 001 RW 003, DESA PEGUNDAN,','Fungsional VI','085642653983','Male','30229860','JA AKT','3327101504930000','4/15/1993','KANTOR INDUK'),('9317628ZY','93179400','FAISAL KUS HERMAWAN',NULL,'S.T.','ASSISTANT ENGINEER TEKNIK SIPIL','BAG TEKNIK','UPP Kitring Papua','UIP Papua',NULL,'ASMAN TEKNIK','37000736','Dawung Tengah 01/13 Serengan,','Fungsional V','081228382889','Male','37401982','AE TEKNIK SIPIL',NULL,'6/14/1993','UPP KITJAR PPUA'),('94161696ZY','94169400','FARIS MAULANA HAYKAL',NULL,'A.Md.','JUNIOR ANALYST KEUANGAN','SUBID KEU','Kantor Induk UIP Papua','UIP Papua','FARIS.MAULANA@PLN.CO.ID','DM KEU','37000723','JL. BLEDAK ANGGUR II NO.37','Fungsional VI','\'08985696518','Male','30224843','JA KEU','3374062807940001','7/28/1994','KANTOR INDUK'),('94162016ZY','94169401','AMAR MA\'RUF',NULL,'A.Md.','JUNIOR ENGINEER TEKNIK MEKANIKAL','BAG TEKNIK','UPP Kitring Papua','UIP Papua','A.MA\'RUF@PLN.CO.ID','ASMAN TEKNIK','37000736','Jl. Kapasa Raya Bangkala RT2 RW 1 Kel. Kapasa Kec. Tamalanre','Fungsional VI','89639675521','Male','30239168','JE TEKNIK MEKANIKAL','7371142003940003','3/20/1994','UPP KITJAR PPUA'),('94162081ZY','94169402','MUHAMAD BARHAN FAZABIH',NULL,'A.Md.','JUNIOR ENGINEER TEKNIK MEKANIKAL','BAG TEKNIK','UPP Kitring Papua Barat','UIP Papua','MUHAMAD.BARHAN@PLN.CO.ID','ASMAN TEKNIK','37000742','DS. KENDALDOYONG RT 04 RW 02 KECAMATAN WONOSALAM KABUPATEN D','Fungsional VI','85226638129','Male','30224906','JE TEKNIK MEKANIKAL','3321062605940001','5/26/1994','UPP KITJAR PBRT'),('94162877ZY','94169403','GALIH NUR PRAMUDI RAHARJO',NULL,'A.Md.','JUNIOR ENGINEER TEKNIK MEKANIKAL','BAG TEKNIK','UPP Kitring Papua','UIP Papua','GALIH.NUR@PLN.CO.ID','ASMAN TEKNIK','37000736','\"JL. RAYA MAOS NO 18 RT 002 RW 003 , KALIKUDI, ADIPALA\"','Fungsional VI','081224307611','Male','30229444','JE TEKNIK MEKANIKAL','3301032103940004','3/21/1994','UPP KITJAR PPUA'),('9417629ZY','94179400','YOHANES ARWADI',NULL,'S.T.','ASSISTANT ENGINEER TEKNIK SIPIL','BAG TEKNIK','UPP Kitring Papua','UIP Papua',NULL,'ASMAN TEKNIK','37000736','Jalan Jati Padang RT. 014 RW. 06 No. 127, Jati Padang,','Fungsional V','085780823910','Male','37401983','AE TEKNIK SIPIL',NULL,'2/10/1994','UPP KITJAR PPUA'),('9417630ZY','94179401','CHRISTIAN ISAL SANGGALANGI',NULL,'SH','ASSISTANT ANALYST PENGADAAN TANAH','BAG PERTANAHAN','Kantor Induk UIP Papua','UIP Papua',NULL,'SPV PERTANAHAN','37000733','TAMBAKSARI 5/20. Surabaya, Jawa Timur','Fungsional V','085731744400','Male','37401979','AS PENGADAAN TANAH',NULL,'5/12/1994','KANTOR INDUK'),('9516065S','95169400','FAHMI RIZALDY ISKANDAR',NULL,NULL,'JUNIOR OFFICER ADMINISTRASI DAN KEAMANAN','BAG ADM MUM','Kantor Induk UIP Papua','UIP Papua','FAHMI.RIZALDY@PLN.CO.ID','SPV ADM MUM','37000731','JL ARDIPURA BATU PUTIH','Fungsional VI','085354147547','Male','30239166','JF SEKRE DAN RUMAH TANGGA','9171020506930006','6/5/1995','KANTOR INDUK'),('9516070S','95169401','EKA MUHARWIYANTO',NULL,NULL,'JUNIOR OFFICER ADMINISTRASI','SIE KEU DAN ADM','UPP Kitring Papua','UIP Papua','EKA.MUHARWIYANTO@PLN.CO.ID','SPV KEU DAN ADM','37000738','JL KABUPATEN II APO KALI','Fungsional VI','082398432229','Male','30224869','JF ADM','9171012406950003','6/24/1995','UPP KITJAR PPUA'),('95162269ZY','95169402','ADYATMA HASAN',NULL,'A.Md.','JUNIOR ENGINEER TEKNIK MEKANIKAL','BAG TEKNIK','UPP Kitring Papua','UIP Papua','ADYATMA.HASAN@PLN.CO.ID','ASMAN TEKNIK','37000736','Komp. Perdos Unhas Blok EB/33','Fungsional VI','08114446137','Male','30224873','JE TEKNIK MEKANIKAL','7371140511920004','11/5/1995','UPP KITJAR PPUA'),('9616058S','96169400','YANTO RIKI RIKARDHO',NULL,NULL,'JUNIOR OFFICER ADMINISTRASI','SIE KEU DAN ADM','UPP Kitring Papua Barat','UIP Papua','YANTO.RIKI@PLN.CO.ID','SPV KEU DAN ADM','37000744','ARGAPURA II','Fungsional VI','082198659947','Male','30224900','JF ADM','9171020701960004','1/7/1996','UPP KITJAR PBRT'),('9616075S','96169401','SYAEHUL FAZRUL A SIDIQ',NULL,NULL,'JUNIOR OFFICER KESEKRETARIATAN DAN RUMAH TANGGA','BAG ADM MUM','Kantor Induk UIP Papua','UIP Papua','SYAEHUL.FAZRUL@PLN.CO.ID','SPV ADM MUM','37000731','PERUMNAS 1 WAENA , GG DAHLIA II NO.129','Fungsional VI','081344126767','Male','30224854','JF SEKRE DAN RUMAH TANGGA','9171050703960001','3/7/1996','KANTOR INDUK'),('9716062S','97169400','INDRI ARDIA GARINI',NULL,NULL,'JUNIOR OFFICER ADMINISTRASI KEUANGAN','BAG ADM KEU','Kantor Induk UIP Papua','UIP Papua','INDRI.ARDIA@PLN.CO.ID','SPV ADM KEU','37000725','PERUMNAS 3 WAENA','Fungsional VI','082244927355','Female','30224846','JF ADM KEU','9171054512370002','12/5/1997','KANTOR INDUK'),('9716067S','97169401','NURLITA OCTAVIANI',NULL,NULL,'JUNIOR OFFICER ADMINISTRASI DAN KESEJAHTERAAN SDM','BAG ADM DAN BANG SDM','Kantor Induk UIP Papua','UIP Papua','NURLITA.OCTAVIANI@PLN.CO.ID','SPV ADM DAN BANG SDM','37000730','TANAH HITAM','Fungsional VI','081343463668','Female','30224867','JF ADM DAN KESRA SDM','9171034410970007','10/4/1997','KANTOR INDUK'),('9716055S','97169402','AGUYSTO SELZIUS ARONGGEAR',NULL,NULL,'JUNIOR OFFICER ADMINISTRASI','SIE KEU DAN ADM','UPP Kitring Papua Barat','UIP Papua','AGUYSTO.SELZIUS@PLN.CO.ID','SPV KEU DAN ADM','37000744','ARDIPURA II','Fungsional VI','082399028190','Male','30224901','JF ADM','9171022208960006','8/22/1996','UPP KITJAR PBRT'),('9716171S','97169403','ENDANG KURNIAWATI',NULL,NULL,'JUNIOR OFFICER PELAKSANA PENGADAAN','PELAKSANA PENGADAAN','Kantor Induk UIP Papua','UIP Papua','ENDANG.KURNIAWATI@PLN.CO.ID','PJ PELAKSANA PENGADAAN','30215812','PERUMNAS IV WAENA','Fungsional VI','082194197191','Female','30224866','JF ADM PENGADAAN','9171056004970002','4/19/1997','KANTOR INDUK');
/*!40000 ALTER TABLE `user_detail` ENABLE KEYS */;
UNLOCK TABLES;

--
-- Table structure for table `user_logged`
--

DROP TABLE IF EXISTS `user_logged`;
/*!40101 SET @saved_cs_client     = @@character_set_client */;
/*!40101 SET character_set_client = utf8 */;
CREATE TABLE `user_logged` (
  `id` int(11) NOT NULL AUTO_INCREMENT,
  `nik` varchar(100) COLLATE utf8mb4_unicode_ci NOT NULL,
  `nama` varchar(1000) COLLATE utf8mb4_unicode_ci NOT NULL,
  `tgl` timestamp NOT NULL DEFAULT CURRENT_TIMESTAMP,
  PRIMARY KEY (`id`)
) ENGINE=MyISAM AUTO_INCREMENT=41 DEFAULT CHARSET=utf8mb4 COLLATE=utf8mb4_unicode_ci;
/*!40101 SET character_set_client = @saved_cs_client */;

--
-- Dumping data for table `user_logged`
--

LOCK TABLES `user_logged` WRITE;
/*!40000 ALTER TABLE `user_logged` DISABLE KEYS */;
INSERT INTO `user_logged` VALUES (1,'123456','root','2017-09-14 23:57:52'),(2,'123456','root','2017-09-15 17:51:22'),(3,'123456','root','2017-09-18 06:23:02'),(4,'123456','root','2017-09-20 03:23:58'),(5,'123456','root','2017-09-21 09:44:35'),(6,'123456','root','2017-09-22 03:10:55'),(7,'123456','root','2017-09-22 15:12:24'),(8,'123456','root','2017-09-23 15:39:20'),(9,'123456','root','2017-09-25 20:37:51'),(10,'123456','root','2017-09-25 23:49:16'),(11,'123456','root','2017-09-26 01:58:30'),(12,'123456','Root Linuxer','2017-09-26 04:14:34'),(13,'123456','Root Linuxer','2017-09-26 05:13:14'),(14,'123456','Root Linuxer','2017-09-26 10:22:08'),(15,'123456','Root Linuxer','2017-09-27 10:13:23'),(16,'123456','Root Linuxer','2017-09-28 08:59:19'),(17,'123456','Root Linuxer','2017-09-30 10:06:57'),(18,'123456','Root Linuxer','2017-09-30 13:30:36'),(19,'123456','Root Linuxer','2017-09-30 13:30:59'),(20,'123456','Root Linuxer','2017-09-30 13:33:12'),(21,'123456','Root Linuxer','2017-09-30 13:52:42'),(22,'123456','Root Linuxer','2017-09-30 14:28:35'),(23,'123456','Root Linuxer','2017-09-30 14:41:15'),(24,'333','Trie','2017-09-30 14:42:37'),(25,'333','Trie','2017-09-30 14:44:01'),(26,'333','Trie','2017-09-30 15:00:23'),(27,'123456','Root Linuxer','2017-09-30 15:08:21'),(28,'333','Trie','2017-09-30 15:10:46'),(29,'555','Vivi','2017-09-30 15:11:36'),(30,'333','Trie','2017-09-30 15:11:55'),(31,'123456','Root Linuxer','2017-09-30 15:14:24'),(32,'333','Trie','2017-09-30 15:14:40'),(33,'555','Vivi','2017-09-30 16:04:55'),(34,'333','Trie','2017-09-30 16:05:06'),(35,'123456','Root Linuxer','2017-09-30 16:36:11'),(36,'222','Dwi Arsana','2017-09-30 23:05:01'),(37,'222','Dwi Arsana','2017-10-01 06:38:26'),(38,'222','Dwi Arsana','2017-10-01 15:02:12'),(39,'222','Dwi Arsana','2017-10-01 17:37:16'),(40,'123456','Root Linuxer','2017-10-25 04:06:59');
/*!40000 ALTER TABLE `user_logged` ENABLE KEYS */;
UNLOCK TABLES;

--
-- Table structure for table `vendor`
--

DROP TABLE IF EXISTS `vendor`;
/*!40101 SET @saved_cs_client     = @@character_set_client */;
/*!40101 SET character_set_client = utf8 */;
CREATE TABLE `vendor` (
  `id` int(11) NOT NULL AUTO_INCREMENT,
  `nama` varchar(100) COLLATE utf8mb4_unicode_ci NOT NULL,
  `alamat` varchar(500) COLLATE utf8mb4_unicode_ci DEFAULT NULL,
  `telp` varchar(100) COLLATE utf8mb4_unicode_ci DEFAULT NULL,
  `email` varchar(100) COLLATE utf8mb4_unicode_ci DEFAULT NULL,
  `pemilik` varchar(100) COLLATE utf8mb4_unicode_ci NOT NULL,
  PRIMARY KEY (`id`)
) ENGINE=MyISAM AUTO_INCREMENT=2 DEFAULT CHARSET=utf8mb4 COLLATE=utf8mb4_unicode_ci;
/*!40101 SET character_set_client = @saved_cs_client */;

--
-- Dumping data for table `vendor`
--

LOCK TABLES `vendor` WRITE;
/*!40000 ALTER TABLE `vendor` DISABLE KEYS */;
INSERT INTO `vendor` VALUES (1,'TOKO RISTO','Jl. Baru Hamadi No. 19, RT. 02 RW. 19 Jayapura Selatan','085','samudranta@gmail.com','DEWI HENDIANY');
/*!40000 ALTER TABLE `vendor` ENABLE KEYS */;
UNLOCK TABLES;
/*!40103 SET TIME_ZONE=@OLD_TIME_ZONE */;

/*!40101 SET SQL_MODE=@OLD_SQL_MODE */;
/*!40014 SET FOREIGN_KEY_CHECKS=@OLD_FOREIGN_KEY_CHECKS */;
/*!40014 SET UNIQUE_CHECKS=@OLD_UNIQUE_CHECKS */;
/*!40101 SET CHARACTER_SET_CLIENT=@OLD_CHARACTER_SET_CLIENT */;
/*!40101 SET CHARACTER_SET_RESULTS=@OLD_CHARACTER_SET_RESULTS */;
/*!40101 SET COLLATION_CONNECTION=@OLD_COLLATION_CONNECTION */;
/*!40111 SET SQL_NOTES=@OLD_SQL_NOTES */;

-- Dump completed on 2017-11-14 22:47:22
